Departure Time,Arrival Time,Airline Name,Airline IATA,Flight Number,Full Flight Number,Route IATA
00:55,06:20,China Eastern Airlines,MU,544,MU544,SIN PVG
00:10,05:25,Suparna Airlines,Y8,7402,Y87402,SIN PVG
01:15,06:35,Singapore Airlines,SQ,826,SQ826,SIN PVG
19:35,#01:10,China Eastern Airlines,MU,7400,MU7400,SIN PVG
16:00,21:40,China Eastern Airlines,MU,3972,MU3972,SIN PVG
22:55,#04:35,China Eastern Airlines,MU,3976,MU3976,SIN PVG
12:45,18:05,Singapore Airlines,SQ,832,SQ832,SIN PVG
10:10,15:35,China Eastern Airlines,MU,546,MU546,SIN PVG
23:10,#04:10,China Eastern Airlines,MU,566,MU566,SIN PVG
09:30,15:05,Singapore Airlines,SQ,830,SQ830,SIN PVG
16:35,22:05,China Eastern Airlines,MU,568,MU568,SIN PVG
18:30,23:35,China Eastern Airlines,MU,6018,MU6018,SIN PVG
07:55,13:25,Singapore Airlines,SQ,828,SQ828,SIN PVG
17:25,22:45,Singapore Airlines,SQ,836,SQ836,SIN PVG
16:35,21:40,China Eastern Airlines,MU,7568,MU7568,SIN PVG
16:35,22:05,Qantas,QF,4090,QF4090,SIN PVG
00:55,06:20,Qantas,QF,4092,QF4092,SIN PVG
23:10,#04:10,Qantas,QF,4096,QF4096,SIN PVG
18:35,#00:10,Singapore Airlines,SQ,7898,SQ7898,SIN PVG
17:15,22:50,Singapore Airlines,SQ,5884,SQ5884,SIN PVG
18:35,#00:10,Singapore Airlines,SQ,7896,SQ7896,SIN PVG
21:10,#02:10,YTO Cargo Airlines,YG,9136,YG9136,SIN PVG
07:55,13:25,Air China LTD,CA,5299,CA5299,SIN PVG
01:15,06:35,Air China LTD,CA,5287,CA5287,SIN PVG
09:30,15:05,Virgin Australia,VA,5758,VA5758,SIN PVG
17:15,22:50,Air China LTD,CA,826,CA826,SIN PVG
10:10,15:35,Juneyao Airlines,HO,3514,HO3514,SIN PVG
17:25,22:45,Virgin Australia,VA,5756,VA5756,SIN PVG
17:25,22:45,Ethiopian Airlines,ET,1327,ET1327,SIN PVG
17:25,22:45,Air China LTD,CA,5267,CA5267,SIN PVG
16:00,21:40,Juneyao Airlines,HO,1602,HO1602,SIN PVG
07:55,13:25,Virgin Australia,VA,5748,VA5748,SIN PVG
22:55,#04:35,Juneyao Airlines,HO,1606,HO1606,SIN PVG
09:30,15:05,Air China LTD,CA,5265,CA5265,SIN PVG
16:35,22:05,Juneyao Airlines,HO,3512,HO3512,SIN PVG
12:45,18:05,Air China LTD,CA,5263,CA5263,SIN PVG
01:15,06:35,Virgin Australia,VA,5746,VA5746,SIN PVG
18:35,#00:10,China Cargo,CK,282,CK282,SIN PVG
18:35,#00:10,Singapore Airlines,SQ,7858,SQ7858,SIN PVG
21:00,#02:35,Spring Airlines,9C,8550,9C8550,SIN PVG
04:00,09:20,YTO Cargo Airlines,YG,9135,YG9135,PVG SIN
03:10,08:25,Singapore Airlines,SQ,7895,SQ7895,PVG SIN
02:40,08:15,Singapore Airlines,SQ,7897,SQ7897,PVG SIN
00:35,05:55,Singapore Airlines,SQ,825,SQ825,PVG SIN
00:35,05:55,Air China LTD,CA,5268,CA5268,PVG SIN
00:35,05:55,Virgin Australia,VA,5755,VA5755,PVG SIN
14:40,20:10,China Eastern Airlines,MU,565,MU565,PVG SIN
09:05,14:45,China Eastern Airlines,MU,3971,MU3971,PVG SIN
15:45,21:40,China Eastern Airlines,MU,3975,MU3975,PVG SIN
23:50,#05:25,China Eastern Airlines,MU,543,MU543,PVG SIN
16:30,21:55,China Eastern Airlines,MU,545,MU545,PVG SIN
10:10,15:35,China Eastern Airlines,MU,567,MU567,PVG SIN
11:20,17:15,China Eastern Airlines,MU,6017,MU6017,PVG SIN
10:10,15:35,Qantas,QF,4091,QF4091,PVG SIN
14:40,20:10,Qantas,QF,4093,QF4093,PVG SIN
10:25,16:00,Singapore Airlines,SQ,5885,SQ5885,PVG SIN
03:10,08:35,Singapore Airlines,SQ,7857,SQ7857,PVG SIN
16:50,22:20,Virgin Australia,VA,5761,VA5761,PVG SIN
08:05,13:25,Singapore Airlines,SQ,827,SQ827,PVG SIN
14:30,19:50,Singapore Airlines,SQ,831,SQ831,PVG SIN
16:50,22:20,Singapore Airlines,SQ,833,SQ833,PVG SIN
19:10,#00:30,Singapore Airlines,SQ,835,SQ835,PVG SIN
14:30,19:50,Virgin Australia,VA,5749,VA5749,PVG SIN
08:05,13:25,Virgin Australia,VA,5757,VA5757,PVG SIN
09:20,14:30,China Cargo,CK,287,CK287,PVG SIN
08:05,13:25,Air China LTD,CA,5288,CA5288,PVG SIN
14:30,19:50,Ethiopian Airlines,ET,1348,ET1348,PVG SIN
16:50,22:20,Ethiopian Airlines,ET,1326,ET1326,PVG SIN
09:05,14:45,Juneyao Airlines,HO,1601,HO1601,PVG SIN
14:30,19:50,Air China LTD,CA,5300,CA5300,PVG SIN
16:50,22:20,Air China LTD,CA,5266,CA5266,PVG SIN
15:45,21:40,Juneyao Airlines,HO,1605,HO1605,PVG SIN
03:10,08:35,China Cargo,CK,281,CK281,PVG SIN
19:10,#00:30,Air China LTD,CA,5264,CA5264,PVG SIN
10:10,15:35,Juneyao Airlines,HO,3511,HO3511,PVG SIN
10:25,16:00,Air China LTD,CA,825,CA825,PVG SIN
14:10,20:00,Spring Airlines,9C,8549,9C8549,PVG SIN
03:10,08:25,Singapore Airlines,SQ,7855,SQ7855,PVG SIN
23:50,#05:25,Juneyao Airlines,HO,3513,HO3513,PVG SIN
01:25,05:45,YTO Cargo Airlines,YG,9032,YG9032,SIN HGH
00:45,05:45,YTO Cargo Airlines,YG,9034,YG9034,SIN HGH
14:50,20:10,Xiamen Airlines,MF,8704,MF8704,SIN HGH
03:00,08:50,China Eastern Airlines,MU,898,MU898,SIN HGH
16:30,21:35,Singapore Airlines,SQ,8316,SQ8316,SIN HGH
16:30,21:35,Scoot,TR,188,TR188,SIN HGH
20:35,22:40,Air Canada,AC,5841,AC5841,SIN DAC
15:50,18:00,Biman Bangladesh Airlines,BG,585,BG585,SIN DAC
05:40,07:50,US-Bangla Airlines,BS,308,BS308,SIN DAC
20:35,22:40,Singapore Airlines,SQ,446,SQ446,SIN DAC
20:35,22:40,Virgin Australia,VA,5616,VA5616,SIN DAC
03:55,08:20,China Southern Airlines,CZ,8490,CZ8490,SIN CAN
20:10,#00:15,Ethiopian Airlines,ET,1346,ET1346,SIN CAN
08:00,12:10,Shenzhen Airlines,ZH,3561,ZH3561,SIN CAN
08:00,12:10,Virgin Australia,VA,5750,VA5750,SIN CAN
05:15,09:25,Scoot,TR,100,TR100,SIN CAN
20:10,#00:15,Singapore Airlines,SQ,852,SQ852,SIN CAN
08:00,12:10,Singapore Airlines,SQ,850,SQ850,SIN CAN
05:15,09:25,Singapore Airlines,SQ,8430,SQ8430,SIN CAN
08:00,12:10,Ethiopian Airlines,ET,1332,ET1332,SIN CAN
13:30,18:10,China Southern Airlines,CZ,354,CZ354,SIN CAN
08:00,12:25,China Southern Airlines,CZ,352,CZ352,SIN CAN
17:50,21:50,China Southern Airlines,CZ,3040,CZ3040,SIN CAN
01:20,06:30,Singapore Airlines,SQ,853,SQ853,CAN SIN
01:20,06:30,Ethiopian Airlines,ET,1347,ET1347,CAN SIN
12:45,16:50,China Southern Airlines,CZ,3039,CZ3039,CAN SIN
13:25,17:45,Shenzhen Airlines,ZH,3562,ZH3562,CAN SIN
13:25,17:45,Virgin Australia,VA,5751,VA5751,CAN SIN
10:40,14:45,Scoot,TR,101,TR101,CAN SIN
13:25,17:45,Singapore Airlines,SQ,851,SQ851,CAN SIN
10:40,14:45,Singapore Airlines,SQ,8431,SQ8431,CAN SIN
13:25,17:45,Ethiopian Airlines,ET,1333,ET1333,CAN SIN
23:15,#03:05,China Southern Airlines,CZ,8489,CZ8489,CAN SIN
18:50,22:50,China Southern Airlines,CZ,351,CZ351,CAN SIN
08:20,12:30,China Southern Airlines,CZ,353,CZ353,CAN SIN
05:00,08:55,Singapore Airlines,SQ,7819,SQ7819,CAN SIN
01:30,07:40,Scoot,TR,138,TR138,SIN TSN
16:00,23:00,Suparna Airlines,Y8,7406,Y87406,SIN TSN
01:30,07:40,Singapore Airlines,SQ,8370,SQ8370,SIN TSN
09:10,08:55,Air Canada,AC,20,AC20,SIN YVR
00:05,#07:05,Air Canada,AC,19,AC19,YVR SIN
02:45,04:20,IndiGo,6E,1002,6E1002,SIN MAA
22:20,23:55,Scoot,TR,578,TR578,SIN MAA
22:20,23:55,Singapore Airlines,SQ,8442,SQ8442,SIN MAA
20:25,22:00,Singapore Airlines,SQ,528,SQ528,SIN MAA
08:40,10:20,Singapore Airlines,SQ,524,SQ524,SIN MAA
08:40,10:20,Air New Zealand,NZ,3216,NZ3216,SIN MAA
20:25,22:00,Air New Zealand,NZ,3212,NZ3212,SIN MAA
20:25,22:00,ANA,NH,6282,NH6282,SIN MAA
21:50,23:40,Air India Express,IX,687,IX687,SIN MAA
21:50,23:40,Air India,AI,9158,AI9158,SIN MAA
09:00,10:35,Air India,AI,347,AI347,SIN MAA
11:30,13:10,IndiGo,6E,1004,6E1004,SIN MAA
20:25,22:00,Air Canada,AC,5847,AC5847,SIN MAA
06:55,08:15,IndiGo,6E,7167,6E7167,MAA IXM
05:50,07:25,IndiGo,6E,7183,6E7183,MAA IXM
10:00,11:35,IndiGo,6E,7185,6E7185,MAA IXM
16:55,18:20,IndiGo,6E,7301,6E7301,MAA IXM
14:10,15:35,IndiGo,6E,7515,6E7515,MAA IXM
19:00,20:20,IndiGo,6E,7592,6E7592,MAA IXM
11:45,12:55,Air India,AI,671,AI671,MAA IXM
23:55,#06:05,Air Canada,AC,5840,AC5840,DAC SIN
08:30,14:40,Biman Bangladesh Airlines,BG,584,BG584,DAC SIN
22:30,#04:40,US-Bangla Airlines,BS,307,BS307,DAC SIN
23:55,#06:05,Singapore Airlines,SQ,447,SQ447,DAC SIN
23:55,#06:05,Virgin Australia,VA,5617,VA5617,DAC SIN
02:00,08:10,Singapore Airlines,SQ,449,SQ449,DAC SIN
01:10,07:45,Singapore Airlines,SQ,306,SQ306,SIN LHR
23:20,#06:30,Iberia,IB,7305,IB7305,SIN LHR
22:35,#05:25,Iberia,IB,7307,IB7307,SIN LHR
23:15,#06:35,KLM,KL,4881,KL4881,SIN LHR
01:10,07:45,Malaysia Airlines,MH,5754,MH5754,SIN LHR
09:00,15:40,Malaysia Airlines,MH,5758,MH5758,SIN LHR
12:35,19:15,Malaysia Airlines,MH,5760,MH5760,SIN LHR
23:15,#06:35,China Eastern Airlines,MU,4003,MU4003,SIN LHR
01:10,07:45,Air New Zealand,NZ,3306,NZ3306,SIN LHR
09:00,15:40,Air New Zealand,NZ,3308,NZ3308,SIN LHR
12:35,19:15,Air New Zealand,NZ,3318,NZ3318,SIN LHR
23:15,#06:35,Bangkok Airways,PG,4536,PG4536,SIN LHR
23:15,#06:35,Qantas,QF,1,QF1,SIN LHR
01:10,07:45,SAS,SK,8036,SK8036,SIN LHR
09:00,15:40,SAS,SK,8038,SK8038,SIN LHR
12:35,19:15,SAS,SK,8040,SK8040,SIN LHR
23:15,#06:35,IndiGo,6E,4609,6E4609,SIN LHR
09:00,15:40,Singapore Airlines,SQ,308,SQ308,SIN LHR
12:35,19:15,Singapore Airlines,SQ,318,SQ318,SIN LHR
23:30,#05:55,Singapore Airlines,SQ,322,SQ322,SIN LHR
01:10,07:45,TAP Air Portugal,TP,8400,TP8400,SIN LHR
09:00,15:40,TAP Air Portugal,TP,8402,TP8402,SIN LHR
12:35,19:15,TAP Air Portugal,TP,8418,TP8418,SIN LHR
23:15,#06:35,SriLankan Airlines,UL,3391,UL3391,SIN LHR
01:10,07:45,Virgin Australia,VA,5560,VA5560,SIN LHR
09:00,15:40,Virgin Australia,VA,5562,VA5562,SIN LHR
12:35,19:15,Virgin Australia,VA,5564,VA5564,SIN LHR
12:35,19:15,Virgin Atlantic,VS,7971,VS7971,SIN LHR
09:00,15:40,Virgin Atlantic,VS,7973,VS7973,SIN LHR
01:10,07:45,Virgin Atlantic,VS,7975,VS7975,SIN LHR
23:15,#06:35,Air France,AF,9699,AF9699,SIN LHR
22:35,#05:25,British Airways,BA,16,BA16,SIN LHR
23:15,#06:35,Fiji Airways,FJ,5320,FJ5320,SIN LHR
22:35,#05:25,American Airlines,AA,6874,AA6874,SIN LHR
09:00,15:40,SA AVIANCA,AV,6551,AV6551,SIN LHR
23:20,#06:30,British Airways,BA,12,BA12,SIN LHR
01:10,07:45,Fiji Airways,FJ,5949,FJ5949,SIN LHR
01:10,07:45,Air Canada,AC,6298,AC6298,SIN LHR
23:20,#06:30,American Airlines,AA,6836,AA6836,SIN LHR
09:00,15:40,Fiji Airways,FJ,5955,FJ5955,SIN LHR
23:15,#06:35,Emirates,EK,5003,EK5003,SIN LHR
12:35,19:15,SA AVIANCA,AV,6553,AV6553,SIN LHR
23:15,#06:35,Finnair,AY,5004,AY5004,SIN LHR
12:35,19:15,Fiji Airways,FJ,5957,FJ5957,SIN LHR
23:30,#05:55,TAP Air Portugal,TP,8404,TP8404,SIN LHR
23:30,#05:55,Virgin Australia,VA,5566,VA5566,SIN LHR
23:30,#05:55,Virgin Atlantic,VS,7969,VS7969,SIN LHR
23:30,#05:55,Malaysia Airlines,MH,5762,MH5762,SIN LHR
23:30,#05:55,Fiji Airways,FJ,5901,FJ5901,SIN LHR
23:30,#05:55,Air New Zealand,NZ,3322,NZ3322,SIN LHR
09:00,15:40,Croatia Airlines,OU,5803,OU5803,SIN LHR
23:30,#05:55,Garuda Indonesia,GA,8970,GA8970,SIN LHR
23:30,#05:55,SAS,SK,8042,SK8042,SIN LHR
09:25,#05:30,Virgin Atlantic,VS,7974,VS7974,LHR SIN
22:05,#18:10,Singapore Airlines,SQ,321,SQ321,LHR SIN
09:25,#05:30,Air New Zealand,NZ,3305,NZ3305,LHR SIN
09:25,#05:30,Malaysia Airlines,MH,5759,MH5759,LHR SIN
11:25,#07:30,TAP Air Portugal,TP,8401,TP8401,LHR SIN
11:25,#07:30,Malaysia Airlines,MH,5719,MH5719,LHR SIN
20:35,#16:45,Singapore Airlines,SQ,319,SQ319,LHR SIN
11:25,#07:30,Air New Zealand,NZ,3317,NZ3317,LHR SIN
09:25,#05:30,Virgin Australia,VA,5559,VA5559,LHR SIN
11:25,#07:30,Fiji Airways,FJ,5958,FJ5958,LHR SIN
11:25,#07:30,Singapore Airlines,SQ,317,SQ317,LHR SIN
09:25,#05:30,Fiji Airways,FJ,5956,FJ5956,LHR SIN
11:25,#07:30,Virgin Australia,VA,5565,VA5565,LHR SIN
09:25,#05:30,Singapore Airlines,SQ,305,SQ305,LHR SIN
21:10,#17:45,British Airways,BA,15,BA15,LHR SIN
20:45,#17:25,Qantas,QF,2,QF2,LHR SIN
19:35,#16:05,British Airways,BA,11,BA11,LHR SIN
11:25,#07:30,SAS,SK,8037,SK8037,LHR SIN
11:25,#07:30,Virgin Atlantic,VS,7972,VS7972,LHR SIN
11:25,#07:30,Air Canada,AC,6299,AC6299,LHR SIN
20:35,#16:45,Croatia Airlines,OU,5804,OU5804,LHR SIN
22:05,#18:10,SAS,SK,8041,SK8041,LHR SIN
20:35,#16:45,TAP Air Portugal,TP,8403,TP8403,LHR SIN
22:05,#18:10,TAP Air Portugal,TP,8405,TP8405,LHR SIN
20:35,#16:45,Virgin Australia,VA,5563,VA5563,LHR SIN
22:05,#18:10,Virgin Australia,VA,5567,VA5567,LHR SIN
22:05,#18:10,Virgin Atlantic,VS,7968,VS7968,LHR SIN
20:35,#16:45,Virgin Atlantic,VS,7970,VS7970,LHR SIN
21:10,#17:45,Iberia,IB,7306,IB7306,LHR SIN
21:10,#17:45,American Airlines,AA,6857,AA6857,LHR SIN
22:05,#18:10,SA AVIANCA,AV,6550,AV6550,LHR SIN
20:35,#16:45,SA AVIANCA,AV,6552,AV6552,LHR SIN
22:05,#18:10,Fiji Airways,FJ,5902,FJ5902,LHR SIN
20:35,#16:45,Fiji Airways,FJ,5950,FJ5950,LHR SIN
20:35,#16:45,Garuda Indonesia,GA,8971,GA8971,LHR SIN
19:35,#16:05,Iberia,IB,7304,IB7304,LHR SIN
20:35,#16:45,SAS,SK,8039,SK8039,LHR SIN
20:35,#16:45,Malaysia Airlines,MH,5761,MH5761,LHR SIN
22:05,#18:10,Malaysia Airlines,MH,5765,MH5765,LHR SIN
20:35,#16:45,Air New Zealand,NZ,3319,NZ3319,LHR SIN
22:05,#18:10,Air New Zealand,NZ,3321,NZ3321,LHR SIN
19:35,#16:05,American Airlines,AA,6835,AA6835,LHR SIN
01:40,05:30,Finnair,AY,5133,AY5133,HKG SIN
01:40,05:30,Cathay Pacific,CX,659,CX659,HKG SIN
03:55,07:40,Air Hong Kong,LD,327,LD327,HKG SIN
01:40,05:30,Miat - Mongolian Airlines,OM,5613,OM5613,HKG SIN
01:40,05:30,Qatar Airways,QR,3459,QR3459,HKG SIN
03:50,07:30,Singapore Airlines,SQ,7869,SQ7869,HKG SIN
08:00,11:55,American Airlines,AA,8898,AA8898,HKG SIN
09:05,13:00,Virgin Australia,VA,5779,VA5779,HKG SIN
16:40,20:35,American Airlines,AA,8901,AA8901,HKG SIN
20:45,#00:35,American Airlines,AA,8903,AA8903,HKG SIN
11:15,15:05,American Airlines,AA,8942,AA8942,HKG SIN
12:25,16:20,Virgin Australia,VA,5765,VA5765,HKG SIN
20:25,#00:35,Air Canada,AC,6292,AC6292,HKG SIN
09:05,13:00,Air Canada,AC,6301,AC6301,HKG SIN
18:50,22:40,Air Canada,AC,6302,AC6302,HKG SIN
15:15,19:10,Finnair,AY,5833,AY5833,HKG SIN
20:45,#00:35,Finnair,AY,5855,AY5855,HKG SIN
12:25,16:20,Vistara,UK,8875,UK8875,HKG SIN
15:15,19:10,Cathay Pacific,CX,635,CX635,HKG SIN
08:00,11:55,Cathay Pacific,CX,691,CX691,HKG SIN
16:40,20:35,Cathay Pacific,CX,711,CX711,HKG SIN
20:25,#00:35,Virgin Australia,VA,5777,VA5777,HKG SIN
20:45,#00:35,Cathay Pacific,CX,715,CX715,HKG SIN
20:55,#00:45,Scoot,TR,973,TR973,HKG SIN
14:30,18:25,Cathay Pacific,CX,735,CX735,HKG SIN
11:15,15:05,Cathay Pacific,CX,739,CX739,HKG SIN
08:30,12:25,Cathay Pacific,CX,759,CX759,HKG SIN
04:35,08:20,DHL Air,D0,317,D0317,HKG SIN
14:25,18:20,Virgin Australia,VA,5773,VA5773,HKG SIN
18:50,22:40,Ethiopian Airlines,ET,1322,ET1322,HKG SIN
20:25,#00:35,Ethiopian Airlines,ET,1324,ET1324,HKG SIN
14:30,18:25,Fiji Airways,FJ,5450,FJ5450,HKG SIN
16:40,20:35,Fiji Airways,FJ,5460,FJ5460,HKG SIN
20:45,#00:35,Fiji Airways,FJ,5462,FJ5462,HKG SIN
08:00,11:55,Gulf Air,GF,4059,GF4059,HKG SIN
15:15,19:10,Gulf Air,GF,4069,GF4069,HKG SIN
14:30,18:25,Gulf Air,GF,4071,GF4071,HKG SIN
11:15,15:05,Gulf Air,GF,4073,GF4073,HKG SIN
04:35,08:20,Air Hong Kong,LD,317,LD317,HKG SIN
20:45,#00:35,Miat - Mongolian Airlines,OM,5609,OM5609,HKG SIN
14:25,18:20,Vistara,UK,8883,UK8883,HKG SIN
08:00,11:55,Miat - Mongolian Airlines,OM,5661,OM5661,HKG SIN
09:05,13:00,Singapore Airlines,SQ,899,SQ899,HKG SIN
08:30,12:25,Miat - Mongolian Airlines,OM,5663,OM5663,HKG SIN
11:15,15:05,Miat - Mongolian Airlines,OM,5679,OM5679,HKG SIN
15:15,19:10,Miat - Mongolian Airlines,OM,5731,OM5731,HKG SIN
15:40,19:35,Virgin Australia,VA,5783,VA5783,HKG SIN
14:30,18:25,Miat - Mongolian Airlines,OM,5733,OM5733,HKG SIN
18:50,22:40,Virgin Australia,VA,5775,VA5775,HKG SIN
16:40,20:35,Miat - Mongolian Airlines,OM,5735,OM5735,HKG SIN
20:25,#00:35,Singapore Airlines,SQ,897,SQ897,HKG SIN
20:45,#00:35,Qatar Airways,QR,3471,QR3471,HKG SIN
16:40,20:35,Qatar Airways,QR,5848,QR5848,HKG SIN
15:15,19:10,Qatar Airways,QR,8373,QR8373,HKG SIN
08:00,11:55,Qatar Airways,QR,8376,QR8376,HKG SIN
14:30,18:25,Qatar Airways,QR,8379,QR8379,HKG SIN
11:15,15:05,Qatar Airways,QR,8380,QR8380,HKG SIN
08:30,12:25,Qatar Airways,QR,8381,QR8381,HKG SIN
09:50,13:50,Hong Kong Air Cargo,RH,371,RH371,HKG SIN
18:50,22:40,Singapore Airlines,SQ,895,SQ895,HKG SIN
21:35,#01:15,Singapore Airlines,SQ,7867,SQ7867,HKG SIN
20:55,#00:45,Singapore Airlines,SQ,8683,SQ8683,HKG SIN
12:25,16:20,Singapore Airlines,SQ,875,SQ875,HKG SIN
14:25,18:20,Singapore Airlines,SQ,883,SQ883,HKG SIN
15:40,19:35,Singapore Airlines,SQ,893,SQ893,HKG SIN
09:15,13:05,Cathay Pacific,CX,79,CX79,HKG SIN
03:25,07:10,DHL Air,D0,327,D0327,HKG SIN
13:50,15:20,Myanmar Airways International,8M,232,8M232,SIN RGN
21:00,22:30,Myanmar Airways International,8M,234,8M234,SIN RGN
07:55,09:20,ANA,NH,6296,NH6296,SIN RGN
07:55,09:20,Singapore Airlines,SQ,762,SQ762,SIN RGN
13:15,14:45,Myanmar National Airlines,UB,2,UB2,SIN RGN
13:50,15:20,SriLankan Airlines,UL,3304,UL3304,SIN RGN
21:00,22:30,SriLankan Airlines,UL,3306,UL3306,SIN RGN
08:55,13:15,Garuda Indonesia,GA,8821,GA8821,SIN XMN
15:15,19:50,Garuda Indonesia,GA,9735,GA9735,SIN XMN
15:15,19:50,Xiamen Airlines,MF,852,MF852,SIN XMN
08:55,13:15,Xiamen Airlines,MF,886,MF886,SIN XMN
15:15,19:50,China Eastern Airlines,MU,4900,MU4900,SIN XMN
08:55,13:15,China Eastern Airlines,MU,4902,MU4902,SIN XMN
07:50,12:25,Singapore Airlines,SQ,868,SQ868,SIN XMN
00:55,05:45,Sichuan Airlines,3U,3770,3U3770,SIN CTU
22:10,#03:00,Sichuan Airlines,3U,9012,3U9012,SIN CTU
04:55,06:40,IndiGo,6E,1008,6E1008,SIN TRZ
00:40,02:35,Air India,AI,9164,AI9164,SIN TRZ
00:40,02:35,Air India Express,IX,681,IX681,SIN TRZ
21:25,22:55,Scoot,TR,564,TR564,SIN TRZ
22:55,#00:35,Scoot,TR,562,TR562,SIN TRZ
21:25,22:55,Singapore Airlines,SQ,8366,SQ8366,SIN TRZ
22:55,#00:35,Singapore Airlines,SQ,8364,SQ8364,SIN TRZ
11:30,13:25,Air India Express,IX,689,IX689,SIN TRZ
11:30,13:25,Air India,AI,9166,AI9166,SIN TRZ
05:00,06:50,9 Air Co,AQ,1168,AQ1168,WUH CAN
19:30,21:15,China Southern Airlines,CZ,5865,CZ5865,WUH CAN
07:40,09:20,China Eastern Airlines,MU,2542,MU2542,WUH CAN
07:40,09:20,Xiamen Airlines,MF,3291,MF3291,WUH CAN
20:30,22:45,KLM,KL,4462,KL4462,WUH CAN
20:30,22:45,China Southern Airlines,CZ,6607,CZ6607,WUH CAN
08:00,10:00,China Southern Airlines,CZ,660,CZ660,WUH CAN
10:30,12:15,China Southern Airlines,CZ,6590,CZ6590,WUH CAN
16:30,18:15,China Southern Airlines,CZ,3706,CZ3706,WUH CAN
08:30,10:15,China Southern Airlines,CZ,3368,CZ3368,WUH CAN
17:30,19:20,China Southern Airlines,CZ,3347,CZ3347,WUH CAN
14:00,15:45,China Southern Airlines,CZ,3345,CZ3345,WUH CAN
05:00,07:05,9 Air Co,AQ,1170,AQ1170,WUH CAN
19:30,21:15,China Southern Airlines,CZ,6224,CZ6224,WUH CAN
20:30,22:15,China Southern Airlines,CZ,8671,CZ8671,WUH CAN
15:30,17:15,China Southern Airlines,CZ,8727,CZ8727,WUH CAN
04:30,05:15,K-Mile Air,8K,804,8K804,SIN CGK
07:50,09:00,Jetstar Asia,3K,201,3K201,SIN CGK
21:00,21:50,Citilink,QG,527,QG527,SIN CGK
13:40,14:45,Jetstar Asia,3K,203,3K203,SIN CGK
19:30,20:30,Vietnam Airlines,VN,3967,VN3967,SIN CGK
09:25,10:10,United Airlines,UA,7677,UA7677,SIN CGK
11:45,12:25,TransNusa,8B,152,8B152,SIN CGK
19:30,20:30,Singapore Airlines,SQ,5577,SQ5577,SIN CGK
19:30,20:30,Air France,AF,3931,AF3931,SIN CGK
19:40,20:30,AirAsia,AK,261,AK261,SIN CGK
21:55,22:40,SAS,SK,8043,SK8043,SIN CGK
10:20,11:10,AirAsia,AK,263,AK263,SIN CGK
15:45,16:45,Saudia,SV,6200,SV6200,SIN CGK
14:45,15:40,AirAsia,AK,265,AK265,SIN CGK
21:55,22:40,Vistara,UK,8968,UK8968,SIN CGK
12:00,12:45,AirAsia,AK,267,AK267,SIN CGK
18:25,19:10,Scoot,TR,278,TR278,SIN CGK
09:25,10:10,SAS,SK,8033,SK8033,SIN CGK
19:30,20:30,China Airlines,CI,9649,CI9649,SIN CGK
19:30,20:30,Oman Air,WY,5719,WY5719,SIN CGK
15:45,16:45,China Airlines,CI,9651,CI9651,SIN CGK
07:25,08:25,China Airlines,CI,9653,CI9653,SIN CGK
12:20,13:20,China Airlines,CI,9655,CI9655,SIN CGK
15:45,16:45,Vietnam Airlines,VN,3981,VN3981,SIN CGK
13:40,14:45,Emirates,EK,7704,EK7704,SIN CGK
09:25,10:10,Singapore Airlines,SQ,956,SQ956,SIN CGK
07:50,09:00,Emirates,EK,7764,EK7764,SIN CGK
18:25,19:10,Singapore Airlines,SQ,8592,SQ8592,SIN CGK
10:20,11:15,Citilink,QG,523,QG523,SIN CGK
12:20,13:20,Etihad Airways,EY,8134,EY8134,SIN CGK
07:25,08:25,Saudia,SV,6199,SV6199,SIN CGK
15:45,16:45,Etihad Airways,EY,8135,EY8135,SIN CGK
12:30,13:15,Virgin Australia,VA,5826,VA5826,SIN CGK
19:30,20:30,Etihad Airways,EY,8136,EY8136,SIN CGK
06:20,07:05,Virgin Australia,VA,5818,VA5818,SIN CGK
07:25,08:25,Etihad Airways,EY,8173,EY8173,SIN CGK
19:30,20:30,Saudia,SV,6201,SV6201,SIN CGK
07:25,08:25,Garuda Indonesia,GA,823,GA823,SIN CGK
07:25,08:25,Singapore Airlines,SQ,5563,SQ5563,SIN CGK
12:20,13:20,Garuda Indonesia,GA,829,GA829,SIN CGK
15:45,16:45,Garuda Indonesia,GA,833,GA833,SIN CGK
19:30,20:30,Garuda Indonesia,GA,837,GA837,SIN CGK
12:20,13:20,Vietnam Airlines,VN,3951,VN3951,SIN CGK
21:00,21:50,Garuda Indonesia,GA,8819,GA8819,SIN CGK
06:20,07:05,Garuda Indonesia,GA,8950,GA8950,SIN CGK
09:25,10:10,Garuda Indonesia,GA,8956,GA8956,SIN CGK
12:30,13:15,Garuda Indonesia,GA,8958,GA8958,SIN CGK
16:25,17:10,Garuda Indonesia,GA,8962,GA8962,SIN CGK
15:45,16:45,Oman Air,WY,5717,WY5717,SIN CGK
17:20,18:05,Garuda Indonesia,GA,8964,GA8964,SIN CGK
12:30,13:15,SAS,SK,8035,SK8035,SIN CGK
21:55,22:40,Garuda Indonesia,GA,8968,GA8968,SIN CGK
13:40,14:45,Qantas,QF,5203,QF5203,SIN CGK
16:15,17:15,Batik Air,ID,7150,ID7150,SIN CGK
10:20,11:05,Singapore Airlines,SQ,8590,SQ8590,SIN CGK
21:20,22:15,Batik Air,ID,7152,ID7152,SIN CGK
15:45,16:45,Singapore Airlines,SQ,5573,SQ5573,SIN CGK
11:25,12:15,Batik Air,ID,7154,ID7154,SIN CGK
12:30,13:15,Singapore Airlines,SQ,958,SQ958,SIN CGK
14:35,15:25,Batik Air,ID,7156,ID7156,SIN CGK
06:20,07:05,Singapore Airlines,SQ,950,SQ950,SIN CGK
22:05,23:00,Batik Air,ID,7158,ID7158,SIN CGK
12:20,13:20,Singapore Airlines,SQ,5569,SQ5569,SIN CGK
07:50,09:00,Qantas,QF,5201,QF5201,SIN CGK
13:40,14:45,Jetstar,JQ,203,JQ203,SIN CGK
21:55,22:40,Singapore Airlines,SQ,968,SQ968,SIN CGK
12:30,13:15,United Airlines,UA,7678,UA7678,SIN CGK
19:30,20:30,KLM,KL,4043,KL4043,SIN CGK
10:20,11:05,Scoot,TR,276,TR276,SIN CGK
17:20,18:05,Singapore Airlines,SQ,964,SQ964,SIN CGK
21:55,22:40,Lufthansa,LH,7198,LH7198,SIN CGK
12:30,13:15,Vistara,UK,8958,UK8958,SIN CGK
09:25,10:10,Lufthansa,LH,7210,LH7210,SIN CGK
17:20,18:05,Virgin Australia,VA,5832,VA5832,SIN CGK
17:20,18:05,Lufthansa,LH,7226,LH7226,SIN CGK
09:25,10:10,Virgin Australia,VA,5824,VA5824,SIN CGK
06:20,07:05,Lufthansa,LH,7230,LH7230,SIN CGK
21:55,22:40,United Airlines,UA,7681,UA7681,SIN CGK
09:25,10:10,SWISS,LX,9010,LX9010,SIN CGK
16:25,17:10,Singapore Airlines,SQ,962,SQ962,SIN CGK
21:55,22:40,SWISS,LX,9068,LX9068,SIN CGK
19:30,20:30,Bangkok Airways,PG,4307,PG4307,SIN CGK
19:30,20:30,Xiamen Airlines,MF,9501,MF9501,SIN CGK
07:25,08:25,Vietnam Airlines,VN,3251,VN3251,SIN CGK
15:45,16:45,Xiamen Airlines,MF,9503,MF9503,SIN CGK
21:55,22:40,Virgin Australia,VA,5836,VA5836,SIN CGK
12:20,13:20,Xiamen Airlines,MF,9505,MF9505,SIN CGK
16:25,17:10,Virgin Australia,VA,5834,VA5834,SIN CGK
09:25,10:10,ANA,NH,6272,NH6272,SIN CGK
17:20,18:05,Asiana Airlines,OZ,6796,OZ6796,SIN CGK
17:35,22:45,Air China LTD,CA,450,CA450,SIN CKG
20:20,#01:15,Air China LTD,CA,5255,CA5255,SIN CKG
14:35,19:35,China Southern Airlines,CZ,546,CZ546,SIN CKG
14:35,19:35,Chongqing Airlines,OQ,2096,OQ2096,SIN CKG
17:35,22:45,Singapore Airlines,SQ,5886,SQ5886,SIN CKG
20:20,#01:15,Singapore Airlines,SQ,818,SQ818,SIN CKG
19:10,#00:35,Singapore Airlines,SQ,8374,SQ8374,SIN XIY
19:10,#00:35,Scoot,TR,134,TR134,SIN XIY
14:20,20:00,China Eastern Airlines,MU,2070,MU2070,SIN XIY
07:20,08:55,China Southern Airlines,CZ,3344,CZ3344,KHN CAN
01:35,08:30,Scoot,TR,563,TR563,TRZ SIN
01:35,08:30,Singapore Airlines,SQ,8365,SQ8365,TRZ SIN
18:50,#01:45,IndiGo,6E,1007,6E1007,TRZ SIN
23:55,#06:55,Scoot,TR,565,TR565,TRZ SIN
23:55,#06:55,Singapore Airlines,SQ,8367,SQ8367,TRZ SIN
03:30,10:25,Air India Express,IX,690,IX690,TRZ SIN
16:25,23:20,Air India Express,IX,682,IX682,TRZ SIN
16:25,23:20,Air India,AI,9165,AI9165,TRZ SIN
03:30,10:25,Air India,AI,9163,AI9163,TRZ SIN
17:50,22:15,Garuda Indonesia,GA,8820,GA8820,XMN SIN
09:20,13:50,Garuda Indonesia,GA,9734,GA9734,XMN SIN
09:20,13:50,Xiamen Airlines,MF,851,MF851,XMN SIN
17:50,22:15,Xiamen Airlines,MF,885,MF885,XMN SIN
09:20,13:50,China Eastern Airlines,MU,4899,MU4899,XMN SIN
17:50,22:15,China Eastern Airlines,MU,4901,MU4901,XMN SIN
13:40,18:15,Singapore Airlines,SQ,869,SQ869,XMN SIN
07:10,10:40,Dalian Airlines,,8971,None8971,DLC CTU
17:25,20:55,Dalian Airlines,,8981,None8981,DLC CTU
07:10,10:40,Air China LTD,CA,8971,CA8971,DLC CTU
17:25,20:55,Air China LTD,CA,8981,CA8981,DLC CTU
07:10,10:40,Shandong Airlines,SC,5331,SC5331,DLC CTU
17:25,20:55,Shenzhen Airlines,ZH,4961,ZH4961,DLC CTU
07:10,10:40,Shenzhen Airlines,ZH,4967,ZH4967,DLC CTU
04:00,09:10,Sichuan Airlines,3U,9011,3U9011,CTU SIN
02:30,07:25,Sichuan Airlines,3U,3769,3U3769,CTU SIN
07:10,08:35,Juneyao Airlines,HO,5543,HO5543,KHN PVG
07:10,08:35,Qantas,QF,4064,QF4064,KHN PVG
07:10,08:35,China Eastern Airlines,MU,9028,MU9028,KHN PVG
19:25,21:05,China Eastern Airlines,MU,5466,MU5466,KHN PVG
07:10,08:35,KLM,KL,8864,KL8864,KHN PVG
19:25,21:05,Juneyao Airlines,HO,5517,HO5517,KHN PVG
07:10,08:35,Delta Air Lines,DL,6459,DL6459,KHN PVG
07:10,08:35,Air France,AF,5278,AF5278,KHN PVG
19:25,21:05,Air France,AF,5215,AF5215,KHN PVG
19:15,20:25,Qatar Airways,QR,5410,QR5410,SIN KUL
07:00,08:10,Jetstar Asia,3K,683,3K683,SIN KUL
19:30,20:40,Jetstar,JQ,687,JQ687,SIN KUL
12:50,14:00,Jetstar Asia,3K,685,3K685,SIN KUL
18:30,19:45,Air New Zealand,NZ,3434,NZ3434,SIN KUL
19:30,20:40,Jetstar Asia,3K,687,3K687,SIN KUL
18:30,19:45,Malaysia Airlines,MH,5844,MH5844,SIN KUL
11:05,12:25,Myanmar Airways International,8M,9514,8M9514,SIN KUL
18:30,19:45,SWISS,LX,9064,LX9064,SIN KUL
06:20,07:40,Qatar Airways,QR,5392,QR5392,SIN KUL
06:20,07:40,Myanmar Airways International,8M,9534,8M9534,SIN KUL
07:05,08:05,Asiana Airlines,OZ,6734,OZ6734,SIN KUL
09:55,11:10,Myanmar Airways International,8M,9535,8M9535,SIN KUL
19:15,20:25,KLM,KL,4125,KL4125,SIN KUL
12:15,13:25,Myanmar Airways International,8M,9544,8M9544,SIN KUL
19:15,20:25,Malaysia Airlines,MH,616,MH616,SIN KUL
09:10,10:10,Air Canada,AC,5865,AC5865,SIN KUL
13:40,15:00,Malaysia Airlines,MH,606,MH606,SIN KUL
12:45,13:45,Air France,AF,7243,AF7243,SIN KUL
18:15,19:25,KLM,KL,3856,KL3856,SIN KUL
18:30,19:45,Air France,AF,7248,AF7248,SIN KUL
21:40,22:45,Malindo Air,OD,806,OD806,SIN KUL
19:30,20:40,Air France,AF,9586,AF9586,SIN KUL
13:40,15:00,Qatar Airways,QR,5496,QR5496,SIN KUL
12:50,14:00,Air France,AF,9594,AF9594,SIN KUL
12:15,13:25,Qatar Airways,QR,5480,QR5480,SIN KUL
09:10,10:10,Air India,AI,7244,AI7244,SIN KUL
10:20,11:25,Malindo Air,OD,802,OD802,SIN KUL
07:45,08:50,AirAsia,AK,700,AK700,SIN KUL
07:05,08:05,Malaysia Airlines,MH,5722,MH5722,SIN KUL
09:10,10:25,AirAsia,AK,702,AK702,SIN KUL
08:30,09:30,SWISS,LX,9078,LX9078,SIN KUL
10:30,11:35,AirAsia,AK,704,AK704,SIN KUL
12:50,14:00,Jetstar,JQ,685,JQ685,SIN KUL
11:30,12:35,AirAsia,AK,706,AK706,SIN KUL
08:30,09:30,Malaysia Airlines,MH,5854,MH5854,SIN KUL
13:30,14:35,AirAsia,AK,710,AK710,SIN KUL
07:05,08:05,Air New Zealand,NZ,3404,NZ3404,SIN KUL
14:10,15:20,AirAsia,AK,712,AK712,SIN KUL
15:35,16:55,Malaysia Airlines,MH,624,MH624,SIN KUL
16:10,17:20,AirAsia,AK,714,AK714,SIN KUL
14:50,15:50,Malaysia Airlines,MH,5734,MH5734,SIN KUL
19:10,20:20,AirAsia,AK,716,AK716,SIN KUL
18:30,19:45,Lufthansa,LH,7228,LH7228,SIN KUL
20:45,21:55,AirAsia,AK,718,AK718,SIN KUL
07:00,08:10,Qantas,QF,5183,QF5183,SIN KUL
21:20,22:25,AirAsia,AK,720,AK720,SIN KUL
17:10,18:15,Malindo Air,OD,808,OD808,SIN KUL
23:25,#00:30,AirAsia,AK,722,AK722,SIN KUL
08:30,09:30,Air New Zealand,NZ,3430,NZ3430,SIN KUL
21:15,22:15,Finnair,AY,6611,AY6611,SIN KUL
19:30,20:40,Qantas,QF,5187,QF5187,SIN KUL
19:15,20:25,Finnair,AY,6617,AY6617,SIN KUL
12:15,13:25,Oman Air,WY,5694,WY5694,SIN KUL
11:05,12:25,Finnair,AY,6623,AY6623,SIN KUL
15:35,16:55,Qatar Airways,QR,5494,QR5494,SIN KUL
15:35,16:55,Finnair,AY,6629,AY6629,SIN KUL
12:50,14:00,Qantas,QF,5185,QF5185,SIN KUL
18:15,19:25,Finnair,AY,6631,AY6631,SIN KUL
12:30,13:35,Malindo Air,OD,804,OD804,SIN KUL
12:15,13:25,Finnair,AY,6721,AY6721,SIN KUL
19:30,20:40,KLM,KL,4875,KL4875,SIN KUL
09:55,11:10,Finnair,AY,6741,AY6741,SIN KUL
21:15,22:15,KLM,KL,4092,KL4092,SIN KUL
18:15,19:25,British Airways,BA,7900,BA7900,SIN KUL
07:00,08:10,Jetstar,JQ,683,JQ683,SIN KUL
19:15,20:25,British Airways,BA,7902,BA7902,SIN KUL
12:45,13:45,SWISS,LX,9052,LX9052,SIN KUL
21:15,22:15,British Airways,BA,7904,BA7904,SIN KUL
09:10,10:10,Malaysia Airlines,MH,5724,MH5724,SIN KUL
09:10,10:10,SWISS,LX,9082,LX9082,SIN KUL
07:05,08:05,SWISS,LX,9044,LX9044,SIN KUL
21:40,22:45,Emirates,EK,3461,EK3461,SIN KUL
12:30,13:35,Batik Air,ID,804,ID804,SIN KUL
12:30,13:35,Emirates,EK,3462,EK3462,SIN KUL
09:55,11:10,Malaysia Airlines,MH,604,MH604,SIN KUL
07:00,08:10,Emirates,EK,7709,EK7709,SIN KUL
18:15,19:25,Malaysia Airlines,MH,608,MH608,SIN KUL
12:50,14:00,Emirates,EK,7711,EK7711,SIN KUL
06:20,07:40,Malaysia Airlines,MH,602,MH602,SIN KUL
19:30,20:40,Emirates,EK,7713,EK7713,SIN KUL
20:00,20:55,Malaysia Airlines,MH,5732,MH5732,SIN KUL
18:30,19:45,Ethiopian Airlines,ET,1338,ET1338,SIN KUL
11:05,12:25,Malaysia Airlines,MH,614,MH614,SIN KUL
09:10,10:10,Air New Zealand,NZ,3408,NZ3408,SIN KUL
06:20,07:40,Firefly,FY,7320,FY7320,SIN KUL
12:15,13:25,Malaysia Airlines,MH,628,MH628,SIN KUL
09:55,11:10,Firefly,FY,7322,FY7322,SIN KUL
21:15,22:15,Malaysia Airlines,MH,610,MH610,SIN KUL
13:40,15:00,Firefly,FY,7324,FY7324,SIN KUL
12:45,13:45,Malaysia Airlines,MH,5728,MH5728,SIN KUL
18:15,19:25,Firefly,FY,7326,FY7326,SIN KUL
10:20,11:25,Batik Air,ID,802,ID802,SIN KUL
21:15,22:15,Firefly,FY,7328,FY7328,SIN KUL
14:50,15:50,Air New Zealand,NZ,3416,NZ3416,SIN KUL
11:05,12:25,Firefly,FY,7330,FY7330,SIN KUL
12:45,13:45,Air New Zealand,NZ,3414,NZ3414,SIN KUL
19:15,20:25,Firefly,FY,7332,FY7332,SIN KUL
20:00,20:55,Air New Zealand,NZ,3410,NZ3410,SIN KUL
12:15,13:25,Firefly,FY,7338,FY7338,SIN KUL
13:15,14:10,Singapore Airlines,SQ,732,SQ732,SIN HKT
10:00,10:50,Air New Zealand,NZ,3476,NZ3476,SIN HKT
08:05,09:10,Air New Zealand,NZ,3492,NZ3492,SIN HKT
13:15,14:10,Air New Zealand,NZ,3494,NZ3494,SIN HKT
16:20,17:10,Air New Zealand,NZ,3496,NZ3496,SIN HKT
18:30,19:20,Air New Zealand,NZ,3498,NZ3498,SIN HKT
08:05,09:10,Bangkok Airways,PG,4716,PG4716,SIN HKT
10:00,10:50,Bangkok Airways,PG,4718,PG4718,SIN HKT
16:20,17:10,Bangkok Airways,PG,4722,PG4722,SIN HKT
18:30,19:20,Bangkok Airways,PG,4724,PG4724,SIN HKT
13:15,14:10,Bangkok Airways,PG,4726,PG4726,SIN HKT
16:40,17:40,Qantas,QF,5173,QF5173,SIN HKT
19:40,20:40,Qantas,QF,5175,QF5175,SIN HKT
08:05,09:10,Singapore Airlines,SQ,726,SQ726,SIN HKT
10:00,10:50,Singapore Airlines,SQ,728,SQ728,SIN HKT
16:40,17:40,Jetstar Asia,3K,535,3K535,SIN HKT
16:20,17:10,Singapore Airlines,SQ,736,SQ736,SIN HKT
18:30,19:20,Singapore Airlines,SQ,740,SQ740,SIN HKT
18:15,19:00,Singapore Airlines,SQ,8570,SQ8570,SIN HKT
07:30,08:25,Singapore Airlines,SQ,8620,SQ8620,SIN HKT
18:15,19:00,Scoot,TR,652,TR652,SIN HKT
07:30,08:25,Scoot,TR,658,TR658,SIN HKT
10:00,10:50,Vistara,UK,8728,UK8728,SIN HKT
13:15,14:10,Vistara,UK,8732,UK8732,SIN HKT
16:40,17:40,SriLankan Airlines,UL,3261,UL3261,SIN HKT
19:40,20:40,SriLankan Airlines,UL,3269,UL3269,SIN HKT
08:05,09:10,Virgin Australia,VA,5730,VA5730,SIN HKT
10:00,10:50,Virgin Australia,VA,5732,VA5732,SIN HKT
16:20,17:10,Virgin Australia,VA,5736,VA5736,SIN HKT
18:30,19:20,Virgin Australia,VA,5738,VA5738,SIN HKT
16:40,17:40,Jetstar,JQ,535,JQ535,SIN HKT
19:40,20:40,Air France,AF,9589,AF9589,SIN HKT
13:15,14:00,AirAsia,AK,377,AK377,SIN HKT
16:40,17:40,Air France,AF,9588,AF9588,SIN HKT
16:40,17:40,Emirates,EK,7733,EK7733,SIN HKT
18:30,19:20,Air France,AF,7244,AF7244,SIN HKT
19:40,20:40,Emirates,EK,7735,EK7735,SIN HKT
10:00,10:50,Air France,AF,7241,AF7241,SIN HKT
10:00,10:50,Air Canada,AC,5861,AC5861,SIN HKT
19:40,20:40,KLM,KL,4860,KL4860,SIN HKT
18:30,19:20,SWISS,LX,9058,LX9058,SIN HKT
19:40,20:40,Jetstar Asia,3K,537,3K537,SIN HKT
18:30,19:20,Lufthansa,LH,9798,LH9798,SIN HKT
15:40,16:35,Singapore Airlines,SQ,8618,SQ8618,SIN HKT
15:40,16:35,Scoot,TR,656,TR656,SIN HKT
19:40,20:40,Jetstar,JQ,537,JQ537,SIN HKT
15:05,18:10,Singapore Airlines,SQ,731,SQ731,HKT SIN
20:10,23:15,SWISS,LX,9099,LX9099,HKT SIN
11:40,14:55,Air New Zealand,NZ,3477,NZ3477,HKT SIN
10:00,13:00,Air New Zealand,NZ,3489,NZ3489,HKT SIN
15:05,18:10,Air New Zealand,NZ,3491,NZ3491,HKT SIN
18:00,21:05,Air New Zealand,NZ,3493,NZ3493,HKT SIN
20:10,23:15,Air New Zealand,NZ,3495,NZ3495,HKT SIN
11:40,14:55,Bangkok Airways,PG,4715,PG4715,HKT SIN
20:10,23:15,Bangkok Airways,PG,4721,PG4721,HKT SIN
10:00,13:00,Bangkok Airways,PG,4723,PG4723,HKT SIN
15:05,18:10,Bangkok Airways,PG,4725,PG4725,HKT SIN
18:35,21:30,Qantas,QF,5174,QF5174,HKT SIN
21:20,#00:20,Qantas,QF,5176,QF5176,HKT SIN
10:00,13:00,Singapore Airlines,SQ,725,SQ725,HKT SIN
11:40,14:55,Singapore Airlines,SQ,727,SQ727,HKT SIN
18:00,21:05,Bangkok Airways,PG,4719,PG4719,HKT SIN
18:00,21:05,Singapore Airlines,SQ,735,SQ735,HKT SIN
20:10,23:15,Singapore Airlines,SQ,739,SQ739,HKT SIN
20:00,23:00,Singapore Airlines,SQ,8571,SQ8571,HKT SIN
09:15,12:20,Singapore Airlines,SQ,8621,SQ8621,HKT SIN
20:00,23:00,Scoot,TR,653,TR653,HKT SIN
09:15,12:20,Scoot,TR,659,TR659,HKT SIN
11:40,14:55,Vistara,UK,8727,UK8727,HKT SIN
15:05,18:10,Vistara,UK,8731,UK8731,HKT SIN
21:20,#00:20,SriLankan Airlines,UL,3262,UL3262,HKT SIN
18:35,21:30,SriLankan Airlines,UL,3268,UL3268,HKT SIN
10:00,13:00,Virgin Australia,VA,5729,VA5729,HKT SIN
11:40,14:55,Virgin Australia,VA,5731,VA5731,HKT SIN
18:00,21:05,Virgin Australia,VA,5735,VA5735,HKT SIN
20:10,23:15,Virgin Australia,VA,5737,VA5737,HKT SIN
18:35,21:30,KLM,KL,4861,KL4861,HKT SIN
18:35,21:30,Finnair,AY,6390,AY6390,HKT SIN
18:35,21:30,Emirates,EK,7734,EK7734,HKT SIN
09:45,12:45,AirAsia,AK,376,AK376,HKT SIN
21:20,#00:20,Emirates,EK,7736,EK7736,HKT SIN
18:35,21:30,Jetstar,JQ,536,JQ536,HKT SIN
18:35,21:30,Air France,AF,9599,AF9599,HKT SIN
15:05,18:10,Air France,AF,7245,AF7245,HKT SIN
20:10,23:15,Air Canada,AC,5860,AC5860,HKT SIN
20:10,23:15,Lufthansa,LH,7199,LH7199,HKT SIN
18:00,21:05,Lufthansa,LH,7207,LH7207,HKT SIN
18:35,21:30,Jetstar Asia,3K,536,3K536,HKT SIN
18:00,21:05,SWISS,LX,9095,LX9095,HKT SIN
21:20,#00:20,Jetstar Asia,3K,538,3K538,HKT SIN
17:20,20:25,Singapore Airlines,SQ,8619,SQ8619,HKT SIN
17:20,20:25,Scoot,TR,657,TR657,HKT SIN
21:20,#00:20,Jetstar,JQ,538,JQ538,HKT SIN
08:05,10:05,Singapore Airlines,SQ,8426,SQ8426,SIN CNX
08:05,10:05,Scoot,TR,676,TR676,SIN CNX
11:05,15:10,Singapore Airlines,SQ,8427,SQ8427,CNX SIN
11:05,15:10,Scoot,TR,677,TR677,CNX SIN
20:25,22:55,9 Air Co,AQ,1150,AQ1150,LYG CAN
07:00,09:30,China Southern Airlines,CZ,3234,CZ3234,LYG CAN
10:00,11:55,Air India Express,IX,683,IX683,SIN IXM
00:20,07:05,Scoot,TR,720,TR720,SIN ATH
00:20,07:05,Singapore Airlines,SQ,8562,SQ8562,SIN ATH
02:00,04:10,China Postal Airlines,CF,9081,CF9081,HGH CAN
04:10,05:55,SF Airlines,O3,6866,O36866,HGH CAN
18:15,20:20,Sichuan Airlines,3U,2237,3U2237,HGH CAN
11:15,13:35,Xiamen Airlines,MF,5855,MF5855,HGH CAN
10:40,12:50,Sichuan Airlines,3U,2245,3U2245,HGH CAN
21:20,23:25,Shenzhen Airlines,ZH,9982,ZH9982,HGH CAN
08:40,10:35,Sichuan Airlines,3U,3153,3U3153,HGH CAN
16:40,19:10,China Eastern Airlines,MU,8407,MU8407,HGH CAN
18:45,20:55,Sichuan Airlines,3U,3155,3U3155,HGH CAN
15:00,17:20,China Eastern Airlines,MU,4341,MU4341,HGH CAN
15:00,17:20,Sichuan Airlines,3U,4137,3U4137,HGH CAN
23:00,#01:25,Sichuan Airlines,3U,4173,3U4173,HGH CAN
19:20,21:35,Sichuan Airlines,3U,4179,3U4179,HGH CAN
19:20,21:35,Xiamen Airlines,MF,5959,MF5959,HGH CAN
06:55,09:05,9 Air Co,AQ,1072,AQ1072,HGH CAN
15:15,17:40,Shandong Airlines,SC,5515,SC5515,HGH CAN
07:15,09:20,Air China LTD,CA,1789,CA1789,HGH CAN
15:00,17:20,Xiamen Airlines,MF,5905,MF5905,HGH CAN
14:05,16:00,Air China LTD,CA,1793,CA1793,HGH CAN
15:15,17:40,Air China LTD,CA,1795,CA1795,HGH CAN
21:20,23:25,Air China LTD,CA,3606,CA3606,HGH CAN
22:30,#00:35,China Postal Airlines,CF,9043,CF9043,HGH CAN
18:15,20:20,China Eastern Airlines,MU,4739,MU4739,HGH CAN
03:55,06:15,North-Western Cargo International Airlines,CO,9636,CO9636,HGH CAN
23:00,#01:25,China Eastern Airlines,MU,4365,MU4365,HGH CAN
18:35,20:45,China Southern Airlines,CZ,3502,CZ3502,HGH CAN
18:45,20:55,Xiamen Airlines,MF,5025,MF5025,HGH CAN
16:35,19:00,China Southern Airlines,CZ,3512,CZ3512,HGH CAN
18:15,20:20,Hebei Airlines,NS,8311,NS8311,HGH CAN
11:35,13:50,China Southern Airlines,CZ,3522,CZ3522,HGH CAN
15:00,17:20,Tibet Airlines,TV,2185,TV2185,HGH CAN
21:35,23:45,China Southern Airlines,CZ,3802,CZ3802,HGH CAN
21:20,23:25,Shandong Airlines,SC,9182,SC9182,HGH CAN
12:35,14:50,China Southern Airlines,CZ,3804,CZ3804,HGH CAN
14:35,16:35,China Eastern Airlines,MU,5217,MU5217,HGH CAN
08:35,10:55,China Southern Airlines,CZ,3820,CZ3820,HGH CAN
18:15,20:20,Xiamen Airlines,MF,8311,MF8311,HGH CAN
20:35,22:50,China Southern Airlines,CZ,3830,CZ3830,HGH CAN
18:15,20:20,China Southern Airlines,CZ,4237,CZ4237,HGH CAN
15:15,17:40,Shenzhen Airlines,ZH,1795,ZH1795,HGH CAN
10:40,12:50,China Southern Airlines,CZ,4245,CZ4245,HGH CAN
14:35,16:45,China Southern Airlines,CZ,6568,CZ6568,HGH CAN
08:40,10:35,China Southern Airlines,CZ,9023,CZ9023,HGH CAN
18:45,20:55,China Southern Airlines,CZ,9025,CZ9025,HGH CAN
16:40,19:10,Shanghai Airlines,FM,9351,FM9351,HGH CAN
18:45,20:55,China Express Air,G5,6259,G56259,HGH CAN
11:15,13:35,China Express Air,G5,6369,G56369,HGH CAN
23:00,#01:25,Xiamen Airlines,MF,5953,MF5953,HGH CAN
15:00,17:20,China Express Air,G5,6403,G56403,HGH CAN
08:40,10:35,Xiamen Airlines,MF,5023,MF5023,HGH CAN
19:20,21:35,China Express Air,G5,6423,G56423,HGH CAN
08:40,10:35,China Express Air,G5,8623,G58623,HGH CAN
11:15,13:35,China Eastern Airlines,MU,4323,MU4323,HGH CAN
10:40,12:50,China Express Air,G5,9081,G59081,HGH CAN
10:40,12:50,China Eastern Airlines,MU,4745,MU4745,HGH CAN
18:15,20:20,China Express Air,G5,9343,G59343,HGH CAN
19:20,21:35,China Eastern Airlines,MU,4369,MU4369,HGH CAN
23:00,#01:25,China Express Air,G5,9605,G59605,HGH CAN
10:40,12:50,Xiamen Airlines,MF,8319,MF8319,HGH CAN
18:45,20:55,Loong Air,GJ,3007,GJ3007,HGH CAN
14:35,16:35,Xiamen Airlines,MF,3468,MF3468,HGH CAN
18:15,20:20,Loong Air,GJ,3437,GJ3437,HGH CAN
10:40,12:50,Loong Air,GJ,3445,GJ3445,HGH CAN
10:40,12:50,Hebei Airlines,NS,8319,NS8319,HGH CAN
11:15,13:35,Loong Air,GJ,8699,GJ8699,HGH CAN
12:25,14:40,China Eastern Airlines,MU,5215,MU5215,HGH CAN
15:00,17:20,Loong Air,GJ,8859,GJ8859,HGH CAN
14:05,16:00,Shandong Airlines,SC,5514,SC5514,HGH CAN
23:00,#01:25,Loong Air,GJ,8989,GJ8989,HGH CAN
23:00,#01:25,Tibet Airlines,TV,2229,TV2229,HGH CAN
19:20,21:35,Loong Air,GJ,8995,GJ8995,HGH CAN
11:15,13:35,Tibet Airlines,TV,2143,TV2143,HGH CAN
21:20,23:25,Juneyao Airlines,HO,5199,HO5199,HGH CAN
07:15,09:20,Shandong Airlines,SC,5513,SC5513,HGH CAN
18:45,20:55,Juneyao Airlines,HO,5764,HO5764,HGH CAN
07:55,10:05,China Eastern Airlines,MU,5211,MU5211,HGH CAN
10:40,12:50,Juneyao Airlines,HO,7121,HO7121,HGH CAN
12:25,14:40,Xiamen Airlines,MF,3467,MF3467,HGH CAN
07:35,09:40,Hainan Airlines,HU,7262,HU7262,HGH CAN
14:05,16:00,Shenzhen Airlines,ZH,1793,ZH1793,HGH CAN
21:50,23:55,Hainan Airlines,HU,7362,HU7362,HGH CAN
07:15,09:20,Shenzhen Airlines,ZH,1789,ZH1789,HGH CAN
22:25,#00:45,Beijing Capital Airlines,JD,5270,JD5270,HGH CAN
19:20,21:35,Tibet Airlines,TV,2233,TV2233,HGH CAN
20:35,22:50,KLM,KL,4404,KL4404,HGH CAN
18:35,20:45,KLM,KL,4638,KL4638,HGH CAN
05:30,11:40,Suparna Airlines,Y8,7401,Y87401,TSN SIN
09:20,15:25,Singapore Airlines,SQ,8371,SQ8371,TSN SIN
09:20,15:25,Scoot,TR,139,TR139,TSN SIN
05:30,12:30,Suparna Airlines,Y8,7405,Y87405,TSN SIN
01:20,08:15,Scoot,TR,579,TR579,MAA SIN
01:20,08:15,Singapore Airlines,SQ,8443,SQ8443,MAA SIN
01:40,08:30,Air India,AI,9157,AI9157,MAA SIN
01:40,08:30,Air India Express,IX,688,IX688,MAA SIN
23:15,#06:10,ANA,NH,6283,NH6283,MAA SIN
23:15,#06:10,Singapore Airlines,SQ,529,SQ529,MAA SIN
11:30,18:30,Singapore Airlines,SQ,525,SQ525,MAA SIN
11:30,18:30,Air New Zealand,NZ,3215,NZ3215,MAA SIN
23:15,#06:10,Air New Zealand,NZ,3211,NZ3211,MAA SIN
20:55,#03:40,IndiGo,6E,1001,6E1001,MAA SIN
14:15,21:10,IndiGo,6E,1003,6E1003,MAA SIN
11:25,18:05,Air India,AI,346,AI346,MAA SIN
23:15,#06:10,Air Canada,AC,5846,AC5846,MAA SIN
14:00,20:50,Air India Express,IX,692,IX692,MAA SIN
07:00,08:15,Scoot,TR,304,TR304,SIN SGN
09:45,10:55,Air New Zealand,NZ,3456,NZ3456,SIN SGN
17:15,18:25,Air New Zealand,NZ,3460,NZ3460,SIN SGN
13:30,14:40,Air New Zealand,NZ,3462,NZ3462,SIN SGN
17:35,18:55,Asiana Airlines,OZ,393,OZ393,SIN SGN
20:40,21:45,Asiana Airlines,OZ,3935,OZ3935,SIN SGN
17:35,18:55,Asiana Airlines,OZ,394,OZ394,SIN SGN
20:40,21:45,Asiana Airlines,OZ,3945,OZ3945,SIN SGN
13:30,14:40,Singapore Airlines,SQ,184,SQ184,SIN SGN
17:15,18:25,Singapore Airlines,SQ,186,SQ186,SIN SGN
16:25,17:50,Singapore Airlines,SQ,8534,SQ8534,SIN SGN
07:00,08:15,Singapore Airlines,SQ,8536,SQ8536,SIN SGN
14:25,15:40,Singapore Airlines,SQ,8538,SQ8538,SIN SGN
16:25,17:50,Scoot,TR,302,TR302,SIN SGN
09:45,10:55,Singapore Airlines,SQ,178,SQ178,SIN SGN
14:25,15:40,Scoot,TR,306,TR306,SIN SGN
09:45,10:55,Vistara,UK,8178,UK8178,SIN SGN
13:30,14:40,Vistara,UK,8184,UK8184,SIN SGN
09:45,10:55,Virgin Australia,VA,5490,VA5490,SIN SGN
13:30,14:40,Virgin Australia,VA,5494,VA5494,SIN SGN
17:15,18:25,Virgin Australia,VA,5496,VA5496,SIN SGN
13:05,14:10,VietJet Air,VJ,812,VJ812,SIN SGN
17:55,19:00,VietJet Air,VJ,814,VJ814,SIN SGN
13:10,14:40,Vietnam Airlines,VN,650,VN650,SIN SGN
18:25,19:55,Vietnam Airlines,VN,654,VN654,SIN SGN
13:05,14:10,FlexFlight,W2,4812,W24812,SIN SGN
17:55,19:00,FlexFlight,W2,4814,W24814,SIN SGN
13:10,14:40,Garuda Indonesia,GA,9602,GA9602,SIN SGN
17:15,18:25,Ethiopian Airlines,ET,1331,ET1331,SIN SGN
17:55,19:00,,H1,4031,H14031,SIN SGN
13:10,14:40,Cambodia Angkor Air,K6,3650,K63650,SIN SGN
09:45,10:55,Air Canada,AC,5862,AC5862,SIN SGN
18:25,19:55,Cambodia Angkor Air,K6,3654,K63654,SIN SGN
13:05,14:10,,H1,2158,H12158,SIN SGN
17:55,19:00,,A1,2814,A12814,SIN SGN
09:45,10:55,Lufthansa,LH,7220,LH7220,SIN SGN
17:15,18:25,Lufthansa,LH,7222,LH7222,SIN SGN
18:25,19:55,Garuda Indonesia,GA,9604,GA9604,SIN SGN
09:45,10:55,SWISS,LX,9086,LX9086,SIN SGN
13:05,14:10,,A1,2812,A12812,SIN SGN
09:05,11:55,Scoot,TR,305,TR305,SGN SIN
15:55,18:55,Lufthansa,LH,7221,LH7221,SGN SIN
15:55,18:55,SWISS,LX,9083,LX9083,SGN SIN
12:20,15:30,Air New Zealand,NZ,3457,NZ3457,SGN SIN
19:40,22:40,Air New Zealand,NZ,3461,NZ3461,SGN SIN
15:55,18:55,Air New Zealand,NZ,3463,NZ3463,SGN SIN
15:55,18:55,Singapore Airlines,SQ,183,SQ183,SGN SIN
19:40,22:40,Singapore Airlines,SQ,185,SQ185,SGN SIN
18:55,22:00,Singapore Airlines,SQ,8535,SQ8535,SGN SIN
09:05,11:55,Singapore Airlines,SQ,8537,SQ8537,SGN SIN
16:25,19:30,Singapore Airlines,SQ,8539,SQ8539,SGN SIN
18:55,22:00,Scoot,TR,303,TR303,SGN SIN
12:20,15:30,Singapore Airlines,SQ,177,SQ177,SGN SIN
16:25,19:30,Scoot,TR,307,TR307,SGN SIN
12:20,15:30,Vistara,UK,8177,UK8177,SGN SIN
12:20,15:30,Virgin Australia,VA,5489,VA5489,SGN SIN
15:55,18:55,Virgin Australia,VA,5493,VA5493,SGN SIN
19:40,22:40,Virgin Australia,VA,5495,VA5495,SGN SIN
09:00,12:05,VietJet Air,VJ,811,VJ811,SGN SIN
07:10,10:15,VietJet Air,VJ,813,VJ813,SGN SIN
08:55,12:10,Vietnam Airlines,VN,651,VN651,SGN SIN
14:20,17:25,Vietnam Airlines,VN,655,VN655,SGN SIN
09:00,12:05,FlexFlight,W2,4811,W24811,SGN SIN
07:10,10:15,FlexFlight,W2,4813,W24813,SGN SIN
19:40,22:40,Lufthansa,LH,7211,LH7211,SGN SIN
09:00,12:05,,A1,2811,A12811,SGN SIN
07:10,10:15,,A1,2813,A12813,SGN SIN
19:40,22:40,Air Canada,AC,5863,AC5863,SGN SIN
14:20,17:25,Finnair,AY,6252,AY6252,SGN SIN
19:40,22:40,Ethiopian Airlines,ET,1330,ET1330,SGN SIN
08:55,12:10,Garuda Indonesia,GA,9603,GA9603,SGN SIN
14:20,17:25,Garuda Indonesia,GA,9605,GA9605,SGN SIN
09:00,12:05,,H1,2157,H12157,SGN SIN
07:10,10:15,,H1,4030,H14030,SGN SIN
14:20,17:25,Cambodia Angkor Air,K6,3655,K63655,SGN SIN
08:55,12:10,Cambodia Angkor Air,K6,3651,K63651,SGN SIN
20:55,#00:25,Air France,AF,3819,AF3819,SIN AUH
20:55,#00:25,Etihad Airways,EY,497,EY497,SIN AUH
20:55,#00:25,Kuwait Airways,KU,6843,KU6843,SIN AUH
20:55,#00:25,Air Europa,UX,2718,UX2718,SIN AUH
20:55,#00:25,flynas,XY,3473,XY3473,SIN AUH
14:05,18:45,SAS,SK,6549,SK6549,AUH LHR
08:10,12:45,Etihad Airways,EY,19,EY19,AUH LHR
10:40,15:15,Etihad Airways,EY,25,EY25,AUH LHR
02:05,06:45,Garuda Indonesia,GA,9056,GA9056,AUH LHR
08:10,12:45,Garuda Indonesia,GA,9126,GA9126,AUH LHR
14:05,18:45,Garuda Indonesia,GA,9448,GA9448,AUH LHR
02:05,06:45,Air New Zealand,NZ,4291,NZ4291,AUH LHR
10:40,15:15,Air New Zealand,NZ,4293,NZ4293,AUH LHR
14:05,18:45,Air New Zealand,NZ,4297,NZ4297,AUH LHR
08:10,12:45,Air New Zealand,NZ,4299,NZ4299,AUH LHR
02:05,06:45,SAS,SK,6548,SK6548,AUH LHR
10:25,15:20,American Airlines,AA,6638,AA6638,AUH LHR
08:10,12:45,SAS,SK,6550,SK6550,AUH LHR
10:40,15:15,SAS,SK,6551,SK6551,AUH LHR
02:05,06:45,TAP Air Portugal,TP,6916,TP6916,AUH LHR
14:05,18:45,TAP Air Portugal,TP,6918,TP6918,AUH LHR
08:10,12:45,TAP Air Portugal,TP,6920,TP6920,AUH LHR
10:40,15:15,TAP Air Portugal,TP,6922,TP6922,AUH LHR
02:05,06:45,flynas,XY,3011,XY3011,AUH LHR
14:05,18:45,flynas,XY,3017,XY3017,AUH LHR
08:10,12:45,flynas,XY,3019,XY3019,AUH LHR
10:40,15:15,flynas,XY,3025,XY3025,AUH LHR
14:05,18:45,Etihad Airways,EY,17,EY17,AUH LHR
02:05,06:45,Air Canada,AC,6671,AC6671,AUH LHR
08:10,12:45,Air Canada,AC,6673,AC6673,AUH LHR
14:05,18:45,Air Canada,AC,6675,AC6675,AUH LHR
10:40,15:15,Air Canada,AC,6677,AC6677,AUH LHR
14:05,18:45,SA AVIANCA,AV,2411,AV2411,AUH LHR
08:10,12:45,SA AVIANCA,AV,2413,AV2413,AUH LHR
10:40,15:15,SA AVIANCA,AV,2419,AV2419,AUH LHR
10:25,15:20,British Airways,BA,72,BA72,AUH LHR
02:05,06:45,Etihad Airways,EY,11,EY11,AUH LHR
14:50,#00:40,SAS,SK,6554,SK6554,LHR AUH
09:30,19:25,Air Canada,AC,6672,AC6672,LHR AUH
14:50,#00:40,flynas,XY,3020,XY3020,LHR AUH
14:50,#00:40,Air Canada,AC,6674,AC6674,LHR AUH
09:30,19:25,Air New Zealand,NZ,4292,NZ4292,LHR AUH
09:30,19:25,SAS,SK,6552,SK6552,LHR AUH
09:30,19:25,flynas,XY,3012,XY3012,LHR AUH
14:50,#00:40,Air New Zealand,NZ,4290,NZ4290,LHR AUH
20:55,#06:45,Etihad Airways,EY,26,EY26,LHR AUH
14:50,#00:40,TAP Air Portugal,TP,6919,TP6919,LHR AUH
09:30,19:25,Etihad Airways,EY,12,EY12,LHR AUH
14:50,#00:40,Garuda Indonesia,GA,9127,GA9127,LHR AUH
21:50,#07:45,Etihad Airways,EY,18,EY18,LHR AUH
09:30,19:25,Garuda Indonesia,GA,9057,GA9057,LHR AUH
14:50,#00:40,Etihad Airways,EY,20,EY20,LHR AUH
21:50,#07:45,SAS,SK,6553,SK6553,LHR AUH
20:55,#06:45,SAS,SK,6555,SK6555,LHR AUH
21:50,#07:45,TAP Air Portugal,TP,6917,TP6917,LHR AUH
20:55,#06:45,TAP Air Portugal,TP,6921,TP6921,LHR AUH
21:50,#07:45,flynas,XY,3018,XY3018,LHR AUH
20:55,#06:45,flynas,XY,3026,XY3026,LHR AUH
20:55,#06:45,Air Canada,AC,6676,AC6676,LHR AUH
21:50,#07:45,Air Canada,AC,6678,AC6678,LHR AUH
20:55,#06:45,SA AVIANCA,AV,2410,AV2410,LHR AUH
21:50,#07:45,SA AVIANCA,AV,2417,AV2417,LHR AUH
22:25,#08:30,British Airways,BA,73,BA73,LHR AUH
21:50,#07:45,Air New Zealand,NZ,4298,NZ4298,LHR AUH
22:25,#08:30,American Airlines,AA,6731,AA6731,LHR AUH
20:55,#06:45,Air New Zealand,NZ,4294,NZ4294,LHR AUH
22:05,#09:45,Air France,AF,3823,AF3823,AUH SIN
22:05,#09:45,Etihad Airways,EY,496,EY496,AUH SIN
22:05,#09:45,Kuwait Airways,KU,6831,KU6831,AUH SIN
22:05,#09:45,Air Europa,UX,2719,UX2719,AUH SIN
22:05,#09:45,flynas,XY,3470,XY3470,AUH SIN
07:15,08:45,Jetstar Asia,3K,511,3K511,SIN BKK
15:10,16:55,Singapore Airlines,SQ,8558,SQ8558,SIN BKK
19:15,20:40,Jetstar Asia,3K,513,3K513,SIN BKK
13:50,15:15,Jetstar Asia,3K,515,3K515,SIN BKK
20:55,22:25,K-Mile Air,8K,801,8K801,SIN BKK
15:55,17:15,Thai Airways International,TG,414,TG414,SIN BKK
09:30,11:00,Air Canada,AC,5857,AC5857,SIN BKK
12:50,14:20,Air Canada,AC,5859,AC5859,SIN BKK
20:50,22:10,Air Canada,AC,7419,AC7419,SIN BKK
08:00,09:20,Thai Airways International,TG,402,TG402,SIN BKK
09:30,11:00,Air India,AI,7242,AI7242,SIN BKK
09:30,11:00,Virgin Australia,VA,5718,VA5718,SIN BKK
07:15,08:45,Finnair,AY,6374,AY6374,SIN BKK
08:20,09:50,Singapore Airlines,SQ,8546,SQ8546,SIN BKK
19:15,20:40,Finnair,AY,6379,AY6379,SIN BKK
06:10,07:30,EVA Air,BR,6057,BR6057,SIN BKK
15:35,16:50,China Cargo,CK,288,CK288,SIN BKK
13:25,15:15,Cathay Pacific,CX,712,CX712,SIN BKK
07:15,08:45,Emirates,EK,7717,EK7717,SIN BKK
19:15,20:40,Emirates,EK,7719,EK7719,SIN BKK
15:10,16:55,Scoot,TR,610,TR610,SIN BKK
13:50,15:15,Emirates,EK,7721,EK7721,SIN BKK
15:00,16:10,Turkish Airlines,TK,6270,TK6270,SIN BKK
18:30,20:00,Ethiopian Airlines,ET,1307,ET1307,SIN BKK
14:00,15:35,Gulf Air,GF,165,GF165,SIN BKK
06:20,08:05,Singapore Airlines,SQ,8614,SQ8614,SIN BKK
07:15,08:45,SriLankan Airlines,UL,3291,UL3291,SIN BKK
07:15,08:45,Jetstar,JQ,511,JQ511,SIN BKK
19:15,20:40,Jetstar,JQ,513,JQ513,SIN BKK
13:50,15:15,Jetstar,JQ,515,JQ515,SIN BKK
07:15,08:45,KLM,KL,4853,KL4853,SIN BKK
19:15,20:40,SriLankan Airlines,UL,3283,UL3283,SIN BKK
19:15,20:40,KLM,KL,4865,KL4865,SIN BKK
18:30,20:00,Singapore Airlines,SQ,720,SQ720,SIN BKK
06:25,08:00,NCA - Nippon Cargo Airlines,KZ,263,KZ263,SIN BKK
09:30,11:00,SWISS,LX,9062,LX9062,SIN BKK
07:10,08:35,SWISS,LX,9066,LX9066,SIN BKK
07:10,08:35,Air New Zealand,NZ,3446,NZ3446,SIN BKK
09:30,11:00,Air New Zealand,NZ,3448,NZ3448,SIN BKK
12:50,14:20,Air New Zealand,NZ,3450,NZ3450,SIN BKK
16:00,17:25,Air New Zealand,NZ,3452,NZ3452,SIN BKK
18:30,20:00,Air New Zealand,NZ,3454,NZ3454,SIN BKK
12:25,13:45,Thai Airways International,TG,404,TG404,SIN BKK
17:30,19:00,Air New Zealand,NZ,3464,NZ3464,SIN BKK
20:50,22:10,Austrian,OS,8610,OS8610,SIN BKK
20:00,21:40,Singapore Airlines,SQ,8654,SQ8654,SIN BKK
17:30,19:00,Singapore Airlines,SQ,714,SQ714,SIN BKK
07:10,08:35,Bangkok Airways,PG,4702,PG4702,SIN BKK
20:50,22:10,Thai Airways International,TG,410,TG410,SIN BKK
09:30,11:00,Bangkok Airways,PG,4704,PG4704,SIN BKK
20:00,21:40,Scoot,TR,614,TR614,SIN BKK
12:50,14:20,Bangkok Airways,PG,4706,PG4706,SIN BKK
06:20,08:05,Scoot,TR,608,TR608,SIN BKK
16:00,17:25,Bangkok Airways,PG,4708,PG4708,SIN BKK
18:15,19:35,Thai Airways International,TG,408,TG408,SIN BKK
17:30,19:00,Bangkok Airways,PG,4710,PG4710,SIN BKK
16:00,17:25,Singapore Airlines,SQ,712,SQ712,SIN BKK
18:30,20:00,Bangkok Airways,PG,4712,PG4712,SIN BKK
12:50,14:20,Virgin Australia,VA,5720,VA5720,SIN BKK
08:00,09:20,Bangkok Airways,PG,4802,PG4802,SIN BKK
07:10,08:35,Virgin Australia,VA,5716,VA5716,SIN BKK
12:25,13:45,Bangkok Airways,PG,4804,PG4804,SIN BKK
13:50,15:15,SriLankan Airlines,UL,3281,UL3281,SIN BKK
18:15,19:35,Bangkok Airways,PG,4808,PG4808,SIN BKK
17:30,19:00,Virgin Australia,VA,5724,VA5724,SIN BKK
20:50,22:10,Bangkok Airways,PG,4810,PG4810,SIN BKK
15:55,17:15,Bangkok Airways,PG,4814,PG4814,SIN BKK
07:15,08:45,Qantas,QF,5165,QF5165,SIN BKK
16:00,17:25,Virgin Australia,VA,5722,VA5722,SIN BKK
19:15,20:40,Qantas,QF,5167,QF5167,SIN BKK
08:20,09:50,Scoot,TR,624,TR624,SIN BKK
13:50,15:15,Qantas,QF,5169,QF5169,SIN BKK
12:50,14:20,Singapore Airlines,SQ,710,SQ710,SIN BKK
12:50,14:20,SAS,SK,8007,SK8007,SIN BKK
07:10,08:35,SAS,SK,8017,SK8017,SIN BKK
09:30,11:00,SAS,SK,8019,SK8019,SIN BKK
07:10,08:35,Singapore Airlines,SQ,706,SQ706,SIN BKK
09:30,11:00,Singapore Airlines,SQ,708,SQ708,SIN BKK
09:25,12:50,Jetstar Asia,3K,512,3K512,BKK SIN
19:15,22:30,Thai Airways International,TG,401,TG401,BKK SIN
21:30,#00:50,Jetstar Asia,3K,514,3K514,BKK SIN
15:55,19:20,Jetstar Asia,3K,516,3K516,BKK SIN
09:40,13:05,Virgin Australia,VA,5715,VA5715,BKK SIN
11:15,14:30,Thai Airways International,TG,413,TG413,BKK SIN
20:10,23:30,Air Canada,AC,5856,AC5856,BKK SIN
18:30,21:55,Air Canada,AC,5858,AC5858,BKK SIN
08:00,11:15,Air Canada,AC,7420,AC7420,BKK SIN
09:05,12:20,Singapore Airlines,SQ,8615,SQ8615,BKK SIN
11:15,14:30,Air Canada,AC,7426,AC7426,BKK SIN
12:15,15:40,Air India,AI,7241,AI7241,BKK SIN
18:30,21:55,Virgin Australia,VA,5721,VA5721,BKK SIN
15:55,19:20,Finnair,AY,6371,AY6371,BKK SIN
22:40,#02:10,Scoot,TR,615,TR615,BKK SIN
09:25,12:50,Finnair,AY,6375,AY6375,BKK SIN
11:55,15:25,Cathay Pacific,CX,717,CX717,BKK SIN
09:25,12:50,Emirates,EK,7718,EK7718,BKK SIN
21:30,#00:50,Emirates,EK,7720,EK7720,BKK SIN
15:55,19:20,Emirates,EK,7722,EK7722,BKK SIN
09:05,12:20,Scoot,TR,609,TR609,BKK SIN
15:30,18:55,Ethiopian Airlines,ET,1306,ET1306,BKK SIN
16:35,20:00,Gulf Air,GF,166,GF166,BKK SIN
17:55,21:05,Singapore Airlines,SQ,8559,SQ8559,BKK SIN
11:15,14:30,Gulf Air,GF,6313,GF6313,BKK SIN
12:15,15:40,Virgin Australia,VA,5717,VA5717,BKK SIN
09:25,12:50,Jetstar,JQ,512,JQ512,BKK SIN
15:55,19:20,Jetstar,JQ,516,JQ516,BKK SIN
15:55,19:20,KLM,KL,4866,KL4866,BKK SIN
21:30,#00:50,SriLankan Airlines,UL,3294,UL3294,BKK SIN
15:30,18:55,SWISS,LX,9059,LX9059,BKK SIN
08:00,11:15,Thai Airways International,TG,403,TG403,BKK SIN
18:30,21:55,SWISS,LX,9061,LX9061,BKK SIN
20:10,23:30,SWISS,LX,9067,LX9067,BKK SIN
09:40,13:05,Air New Zealand,NZ,3447,NZ3447,BKK SIN
12:15,15:40,Air New Zealand,NZ,3449,NZ3449,BKK SIN
15:30,18:55,Air New Zealand,NZ,3451,NZ3451,BKK SIN
18:30,21:55,Air New Zealand,NZ,3453,NZ3453,BKK SIN
21:15,#00:35,Air New Zealand,NZ,3455,NZ3455,BKK SIN
20:10,23:30,Air New Zealand,NZ,3465,NZ3465,BKK SIN
16:25,19:40,Austrian,OS,8611,OS8611,BKK SIN
22:40,#02:10,Singapore Airlines,SQ,8655,SQ8655,BKK SIN
09:40,13:05,Bangkok Airways,PG,4701,PG4701,BKK SIN
10:50,14:15,Singapore Airlines,SQ,8547,SQ8547,BKK SIN
12:15,15:40,Bangkok Airways,PG,4703,PG4703,BKK SIN
16:25,19:40,Thai Airways International,TG,409,TG409,BKK SIN
15:30,18:55,Bangkok Airways,PG,4705,PG4705,BKK SIN
10:50,14:15,Scoot,TR,625,TR625,BKK SIN
18:30,21:55,Bangkok Airways,PG,4707,PG4707,BKK SIN
17:55,21:05,Scoot,TR,611,TR611,BKK SIN
20:10,23:30,Bangkok Airways,PG,4709,PG4709,BKK SIN
13:50,17:05,Thai Airways International,TG,407,TG407,BKK SIN
21:15,#00:35,Bangkok Airways,PG,4711,PG4711,BKK SIN
21:15,#00:35,Singapore Airlines,SQ,719,SQ719,BKK SIN
19:15,22:30,Bangkok Airways,PG,4801,PG4801,BKK SIN
20:10,23:30,Virgin Australia,VA,5723,VA5723,BKK SIN
08:00,11:15,Bangkok Airways,PG,4803,PG4803,BKK SIN
15:30,18:55,Virgin Australia,VA,5719,VA5719,BKK SIN
13:50,17:05,Bangkok Airways,PG,4807,PG4807,BKK SIN
15:55,19:20,SriLankan Airlines,UL,3284,UL3284,BKK SIN
16:25,19:40,Bangkok Airways,PG,4809,PG4809,BKK SIN
11:15,14:30,Bangkok Airways,PG,4813,PG4813,BKK SIN
09:25,12:50,Qantas,QF,5166,QF5166,BKK SIN
21:30,#00:50,Qantas,QF,5168,QF5168,BKK SIN
15:55,19:20,Qantas,QF,5170,QF5170,BKK SIN
09:25,12:50,SriLankan Airlines,UL,3282,UL3282,BKK SIN
18:30,21:55,SAS,SK,8004,SK8004,BKK SIN
20:10,23:30,Singapore Airlines,SQ,713,SQ713,BKK SIN
15:30,18:55,SAS,SK,8020,SK8020,BKK SIN
20:10,23:30,SAS,SK,8024,SK8024,BKK SIN
09:40,13:05,Singapore Airlines,SQ,705,SQ705,BKK SIN
12:15,15:40,Singapore Airlines,SQ,707,SQ707,BKK SIN
18:30,21:55,Singapore Airlines,SQ,711,SQ711,BKK SIN
15:30,18:55,Singapore Airlines,SQ,709,SQ709,BKK SIN
12:20,12:50,Singapore Airlines,SQ,8382,SQ8382,SIN HDY
12:20,12:50,Scoot,TR,632,TR632,SIN HDY
21:55,22:30,Singapore Airlines,SQ,8462,SQ8462,SIN HDY
21:55,22:30,Scoot,TR,630,TR630,SIN HDY
13:25,16:20,Singapore Airlines,SQ,8383,SQ8383,HDY SIN
13:25,16:20,Scoot,TR,633,TR633,HDY SIN
23:05,#02:00,Singapore Airlines,SQ,8463,SQ8463,HDY SIN
23:05,#02:00,Scoot,TR,631,TR631,HDY SIN
23:05,#00:10,Qatar Airways,QR,5499,QR5499,KUL SIN
08:50,10:00,Jetstar Asia,3K,684,3K684,KUL SIN
16:10,17:30,KLM,KL,4114,KL4114,KUL SIN
14:40,15:45,Jetstar Asia,3K,686,3K686,KUL SIN
08:15,09:20,Malindo Air,OD,801,OD801,KUL SIN
21:20,22:30,Jetstar Asia,3K,688,3K688,KUL SIN
07:50,09:05,Malaysia Airlines,MH,601,MH601,KUL SIN
09:05,10:15,Myanmar Airways International,8M,9513,8M9513,KUL SIN
11:00,12:15,SWISS,LX,9053,LX9053,KUL SIN
16:10,17:30,Myanmar Airways International,8M,9536,8M9536,KUL SIN
10:10,11:25,Qatar Airways,QR,5479,QR5479,KUL SIN
19:10,20:25,Myanmar Airways International,8M,9537,8M9537,KUL SIN
08:50,10:00,Qantas,QF,5184,QF5184,KUL SIN
17:00,18:15,Myanmar Airways International,8M,9540,8M9540,KUL SIN
21:20,22:30,KLM,KL,4876,KL4876,KUL SIN
20:40,21:50,Air Canada,AC,5864,AC5864,KUL SIN
13:25,14:40,Malaysia Airlines,MH,623,MH623,KUL SIN
16:35,18:00,Air France,AF,7246,AF7246,KUL SIN
19:10,20:25,Malaysia Airlines,MH,607,MH607,KUL SIN
19:10,20:25,KLM,KL,4124,KL4124,KUL SIN
14:40,15:45,Air France,AF,9585,AF9585,KUL SIN
15:05,16:10,Malindo Air,OD,807,OD807,KUL SIN
16:35,18:00,Air India,AI,7243,AI7243,KUL SIN
19:10,20:25,Qatar Airways,QR,5497,QR5497,KUL SIN
06:00,07:10,AirAsia,AK,701,AK701,KUL SIN
13:25,14:40,Qatar Airways,QR,5493,QR5493,KUL SIN
07:20,08:30,AirAsia,AK,703,AK703,KUL SIN
10:25,11:30,Malindo Air,OD,803,OD803,KUL SIN
08:40,09:50,AirAsia,AK,705,AK705,KUL SIN
11:00,12:15,Malaysia Airlines,MH,5725,MH5725,KUL SIN
09:40,10:50,AirAsia,AK,707,AK707,KUL SIN
20:40,21:50,SWISS,LX,9065,LX9065,KUL SIN
11:50,13:00,AirAsia,AK,711,AK711,KUL SIN
17:00,18:15,KLM,KL,4091,KL4091,KUL SIN
12:30,13:40,AirAsia,AK,713,AK713,KUL SIN
10:25,11:35,Malaysia Airlines,MH,5855,MH5855,KUL SIN
14:25,15:40,AirAsia,AK,715,AK715,KUL SIN
11:00,12:15,Air New Zealand,NZ,3407,NZ3407,KUL SIN
17:15,18:30,AirAsia,AK,717,AK717,KUL SIN
10:10,11:25,Malaysia Airlines,MH,627,MH627,KUL SIN
18:50,20:00,AirAsia,AK,719,AK719,KUL SIN
11:45,12:55,Malaysia Airlines,MH,603,MH603,KUL SIN
19:35,20:45,AirAsia,AK,721,AK721,KUL SIN
20:40,21:50,Lufthansa,LH,7227,LH7227,KUL SIN
21:35,22:45,AirAsia,AK,723,AK723,KUL SIN
14:40,15:45,Qantas,QF,5186,QF5186,KUL SIN
14:40,15:45,Finnair,AY,6398,AY6398,KUL SIN
16:35,18:00,Asiana Airlines,OZ,6735,OZ6735,KUL SIN
19:10,20:25,Finnair,AY,6612,AY6612,KUL SIN
20:40,21:50,Air New Zealand,NZ,3435,NZ3435,KUL SIN
17:00,18:15,Finnair,AY,6616,AY6616,KUL SIN
11:45,12:55,Qatar Airways,QR,4999,QR4999,KUL SIN
09:05,10:15,Finnair,AY,6624,AY6624,KUL SIN
10:10,11:25,Oman Air,WY,5622,WY5622,KUL SIN
13:25,14:40,Finnair,AY,6626,AY6626,KUL SIN
16:10,17:30,Qatar Airways,QR,5495,QR5495,KUL SIN
23:05,#00:10,Finnair,AY,6736,AY6736,KUL SIN
21:20,22:30,Qantas,QF,5188,QF5188,KUL SIN
10:10,11:25,Finnair,AY,6742,AY6742,KUL SIN
19:35,20:40,Malindo Air,OD,805,OD805,KUL SIN
16:10,17:30,Finnair,AY,6747,AY6747,KUL SIN
14:40,15:45,KLM,KL,4864,KL4864,KUL SIN
16:10,17:30,British Airways,BA,7901,BA7901,KUL SIN
21:20,22:30,Jetstar,JQ,688,JQ688,KUL SIN
17:00,18:15,British Airways,BA,7903,BA7903,KUL SIN
14:30,15:50,SWISS,LX,9051,LX9051,KUL SIN
19:10,20:25,British Airways,BA,7905,BA7905,KUL SIN
14:30,15:50,Malaysia Airlines,MH,5729,MH5729,KUL SIN
10:25,11:30,Emirates,EK,3459,EK3459,KUL SIN
08:55,10:05,Malaysia Airlines,MH,5723,MH5723,KUL SIN
19:35,20:40,Emirates,EK,3460,EK3460,KUL SIN
16:35,18:00,SWISS,LX,9049,LX9049,KUL SIN
08:50,10:00,Emirates,EK,7710,EK7710,KUL SIN
14:40,15:45,Jetstar,JQ,686,JQ686,KUL SIN
14:40,15:45,Emirates,EK,7712,EK7712,KUL SIN
20:40,21:50,Malaysia Airlines,MH,5845,MH5845,KUL SIN
21:20,22:30,Emirates,EK,7714,EK7714,KUL SIN
23:05,#00:10,Malaysia Airlines,MH,609,MH609,KUL SIN
20:40,21:50,Ethiopian Airlines,ET,1337,ET1337,KUL SIN
16:10,17:30,Malaysia Airlines,MH,605,MH605,KUL SIN
16:35,18:00,Malaysia Airlines,MH,5735,MH5735,KUL SIN
07:50,09:05,Firefly,FY,7321,FY7321,KUL SIN
17:00,18:15,Malaysia Airlines,MH,613,MH613,KUL SIN
11:45,12:55,Firefly,FY,7323,FY7323,KUL SIN
21:45,22:55,Air New Zealand,NZ,3409,NZ3409,KUL SIN
16:10,17:30,Firefly,FY,7325,FY7325,KUL SIN
08:55,10:05,Air New Zealand,NZ,3405,NZ3405,KUL SIN
19:10,20:25,Firefly,FY,7327,FY7327,KUL SIN
09:05,10:15,Malaysia Airlines,MH,611,MH611,KUL SIN
23:05,#00:10,Firefly,FY,7329,FY7329,KUL SIN
21:45,22:55,Malaysia Airlines,MH,5733,MH5733,KUL SIN
09:05,10:15,Firefly,FY,7331,FY7331,KUL SIN
08:50,10:00,Jetstar,JQ,684,JQ684,KUL SIN
17:00,18:15,Firefly,FY,7333,FY7333,KUL SIN
10:25,11:35,Air New Zealand,NZ,3431,NZ3431,KUL SIN
16:35,18:00,Air New Zealand,NZ,3415,NZ3415,KUL SIN
13:25,14:40,Firefly,FY,7337,FY7337,KUL SIN
14:30,15:50,Air New Zealand,NZ,3413,NZ3413,KUL SIN
10:10,11:25,Firefly,FY,7339,FY7339,KUL SIN
10:25,11:30,Batik Air,ID,803,ID803,KUL SIN
02:50,08:20,China Eastern Airlines,MU,2670,MU2670,SIN NKG
10:30,15:50,Singapore Airlines,SQ,8348,SQ8348,SIN NKG
10:30,15:50,Scoot,TR,180,TR180,SIN NKG
08:10,10:36,Air Canada,AC,204,AC204,YVR YYC
11:10,13:36,Air Canada,AC,210,AC210,YVR YYC
13:35,16:01,Air Canada,AC,216,AC216,YVR YYC
07:30,09:55,Air Canada,AC,7764,AC7764,YVR YYC
13:35,16:01,Air Canada,AC,7766,AC7766,YVR YYC
13:30,15:57,Air France,AF,3027,AF3027,YVR YYC
08:30,10:57,Aeromexico,AM,7140,AM7140,YVR YYC
09:30,11:57,Aeromexico,AM,7142,AM7142,YVR YYC
06:00,08:26,Delta Air Lines,DL,6911,DL6911,YVR YYC
08:30,10:57,Delta Air Lines,DL,6953,DL6953,YVR YYC
06:30,08:56,Delta Air Lines,DL,6981,DL6981,YVR YYC
09:30,11:57,Delta Air Lines,DL,6994,DL6994,YVR YYC
13:30,15:57,Delta Air Lines,DL,6996,DL6996,YVR YYC
11:05,13:35,Flair Airlines,F8,802,F8802,YVR YYC
13:30,15:57,Jet Linx Aviation,JL,5800,JL5800,YVR YYC
06:30,08:56,LATAM Airlines,LA,5195,LA5195,YVR YYC
09:30,11:57,LATAM Airlines,LA,5202,LA5202,YVR YYC
06:00,08:26,LATAM Airlines,LA,5220,LA5220,YVR YYC
06:30,08:56,Qantas,QF,3395,QF3395,YVR YYC
06:00,08:26,Qantas,QF,3417,QF3417,YVR YYC
09:30,11:57,Qantas,QF,3590,QF3590,YVR YYC
08:10,10:36,Virgin Australia,VA,5194,VA5194,YVR YYC
00:47,02:55,Cargojet,W8,2382,W82382,YVR YYC
00:47,02:55,Cargojet,W8,2392,W82392,YVR YYC
06:00,08:26,WestJet,WS,100,WS100,YVR YYC
08:30,10:57,WestJet,WS,104,WS104,YVR YYC
09:30,11:57,WestJet,WS,106,WS106,YVR YYC
11:30,13:57,WestJet,WS,110,WS110,YVR YYC
06:30,08:56,WestJet,WS,136,WS136,YVR YYC
13:30,15:57,WestJet,WS,114,WS114,YVR YYC
09:00,11:26,Air Canada,AC,206,AC206,YVR YYC
15:15,17:41,Air Canada,AC,220,AC220,YVR YYC
16:35,19:01,Air Canada,AC,222,AC222,YVR YYC
18:00,20:26,Air Canada,AC,224,AC224,YVR YYC
19:10,21:36,Air Canada,AC,226,AC226,YVR YYC
22:00,#00:26,Air Canada,AC,228,AC228,YVR YYC
12:30,14:57,Air France,AF,3737,AF3737,YVR YYC
10:30,12:57,Aeromexico,AM,7348,AM7348,YVR YYC
22:00,#00:26,EVA Air,BR,3082,BR3082,YVR YYC
18:00,20:26,Air China LTD,CA,7479,CA7479,YVR YYC
19:10,21:36,Air China LTD,CA,7483,CA7483,YVR YYC
22:15,#00:40,China Airlines,CI,9314,CI9314,YVR YYC
10:30,12:57,Delta Air Lines,DL,6995,DL6995,YVR YYC
12:30,14:57,Delta Air Lines,DL,7005,DL7005,YVR YYC
13:30,15:57,Delta Air Lines,DL,7055,DL7055,YVR YYC
07:00,09:26,Delta Air Lines,DL,7080,DL7080,YVR YYC
14:30,16:57,Delta Air Lines,DL,7088,DL7088,YVR YYC
22:15,#00:40,Delta Air Lines,DL,7101,DL7101,YVR YYC
19:00,21:25,Delta Air Lines,DL,7116,DL7116,YVR YYC
20:30,22:55,Delta Air Lines,DL,7137,DL7137,YVR YYC
15:30,17:57,Delta Air Lines,DL,7157,DL7157,YVR YYC
16:28,18:55,Delta Air Lines,DL,7259,DL7259,YVR YYC
15:40,18:10,Flair Airlines,F8,804,F8804,YVR YYC
18:10,20:40,Flair Airlines,F8,810,F8810,YVR YYC
17:25,19:50,Korean Air,KE,6501,KE6501,YVR YYC
15:30,17:57,Korean Air,KE,6505,KE6505,YVR YYC
16:28,18:55,Korean Air,KE,6521,KE6521,YVR YYC
11:30,13:57,KLM,KL,9555,KL9555,YVR YYC
17:25,19:50,KLM,KL,9584,KL9584,YVR YYC
16:28,18:55,LATAM Airlines,LA,5189,LA5189,YVR YYC
10:30,12:57,LATAM Airlines,LA,5193,LA5193,YVR YYC
09:00,11:26,Lufthansa,LH,6488,LH6488,YVR YYC
13:35,16:01,Lufthansa,LH,6518,LH6518,YVR YYC
16:35,19:01,ANA,NH,6810,NH6810,YVR YYC
16:35,19:01,Air New Zealand,NZ,4504,NZ4504,YVR YYC
18:00,20:26,Air New Zealand,NZ,4762,NZ4762,YVR YYC
15:15,17:41,Air New Zealand,NZ,4766,NZ4766,YVR YYC
15:15,17:41,Asiana Airlines,OZ,6110,OZ6110,YVR YYC
20:30,22:55,Philippine Airlines,PR,3014,PR3014,YVR YYC
22:15,#00:40,Philippine Airlines,PR,3016,PR3016,YVR YYC
16:28,18:55,Qantas,QF,3592,QF3592,YVR YYC
15:30,17:57,Qantas,QF,3596,QF3596,YVR YYC
10:30,12:57,Qantas,QF,3984,QF3984,YVR YYC
09:00,11:26,Virgin Australia,VA,5198,VA5198,YVR YYC
15:30,17:57,Virgin Atlantic,VS,8025,VS8025,YVR YYC
16:28,18:55,Virgin Atlantic,VS,8027,VS8027,YVR YYC
20:00,22:20,Cargojet,W8,550,W8550,YVR YYC
07:00,09:26,WestJet,WS,102,WS102,YVR YYC
10:30,12:57,WestJet,WS,108,WS108,YVR YYC
06:05,06:41,Air Canada,AC,201,AC201,YYC YVR
07:00,07:35,Air Canada,AC,203,AC203,YYC YVR
08:10,08:46,Air Canada,AC,205,AC205,YYC YVR
11:30,12:06,Air Canada,AC,211,AC211,YYC YVR
14:35,15:11,Air Canada,AC,217,AC217,YYC YVR
07:00,07:36,Air France,AF,3004,AF3004,YYC YVR
10:00,10:34,Air France,AF,5126,AF5126,YYC YVR
11:30,12:06,Air China LTD,CA,7482,CA7482,YYC YVR
08:10,08:46,Air China LTD,CA,7484,CA7484,YYC YVR
07:00,07:36,Delta Air Lines,DL,7008,DL7008,YYC YVR
10:00,10:34,Delta Air Lines,DL,7251,DL7251,YYC YVR
14:20,14:55,Flair Airlines,F8,803,F8803,YYC YVR
12:00,12:35,Jet Linx Aviation,JL,5711,JL5711,YYC YVR
07:00,07:36,Korean Air,KE,6502,KE6502,YYC YVR
10:00,10:34,Korean Air,KE,6504,KE6504,YYC YVR
12:00,12:35,Korean Air,KE,6546,KE6546,YYC YVR
07:00,07:36,LATAM Airlines,LA,5198,LA5198,YYC YVR
11:30,12:06,Air New Zealand,NZ,4553,NZ4553,YYC YVR
08:10,08:46,Asiana Airlines,OZ,6109,OZ6109,YYC YVR
06:00,06:35,Cargojet,W8,551,W8551,YYC YVR
05:45,06:15,Cargojet,W8,579,W8579,YYC YVR
07:00,07:36,WestJet,WS,103,WS103,YYC YVR
10:00,10:34,WestJet,WS,109,WS109,YYC YVR
12:00,12:35,WestJet,WS,113,WS113,YYC YVR
13:00,13:35,WestJet,WS,115,WS115,YYC YVR
15:00,15:35,WestJet,WS,119,WS119,YYC YVR
12:15,12:50,Air Canada,AC,213,AC213,YYC YVR
16:55,17:31,Air Canada,AC,221,AC221,YYC YVR
18:30,19:06,Air Canada,AC,223,AC223,YYC YVR
20:00,20:36,Air Canada,AC,227,AC227,YYC YVR
11:00,11:35,Air France,AF,5127,AF5127,YYC YVR
19:00,19:34,Aeromexico,AM,7126,AM7126,YYC YVR
21:25,21:59,Aeromexico,AM,7149,AM7149,YYC YVR
20:00,20:34,Aeromexico,AM,7349,AM7349,YYC YVR
18:30,19:06,EVA Air,BR,3081,BR3081,YYC YVR
20:00,20:36,EVA Air,BR,3083,BR3083,YYC YVR
23:35,#00:09,China Airlines,CI,9315,CI9315,YYC YVR
22:30,23:04,China Airlines,CI,9323,CI9323,YYC YVR
21:25,21:59,Cathay Pacific,CX,7029,CX7029,YYC YVR
22:30,23:04,Cathay Pacific,CX,7031,CX7031,YYC YVR
22:30,23:04,Delta Air Lines,DL,6940,DL6940,YYC YVR
13:00,13:35,Delta Air Lines,DL,6967,DL6967,YYC YVR
19:00,19:34,Delta Air Lines,DL,6971,DL6971,YYC YVR
15:00,15:35,Delta Air Lines,DL,6991,DL6991,YYC YVR
20:00,20:34,Delta Air Lines,DL,7084,DL7084,YYC YVR
09:00,09:34,Delta Air Lines,DL,7086,DL7086,YYC YVR
16:00,16:35,Delta Air Lines,DL,7155,DL7155,YYC YVR
21:25,21:59,Delta Air Lines,DL,7231,DL7231,YYC YVR
23:35,#00:09,Delta Air Lines,DL,7232,DL7232,YYC YVR
11:00,11:35,Delta Air Lines,DL,7252,DL7252,YYC YVR
23:20,23:55,Flair Airlines,F8,805,F8805,YYC YVR
21:25,22:00,Flair Airlines,F8,811,F8811,YYC YVR
15:00,15:35,KLM,KL,9641,KL9641,YYC YVR
16:00,16:35,KLM,KL,9713,KL9713,YYC YVR
19:00,19:34,LATAM Airlines,LA,5183,LA5183,YYC YVR
16:55,17:31,Lufthansa,LH,6802,LH6802,YYC YVR
14:35,15:11,Lufthansa,LH,6808,LH6808,YYC YVR
14:35,15:11,ANA,NH,6811,NH6811,YYC YVR
14:35,15:11,Air New Zealand,NZ,4803,NZ4803,YYC YVR
12:15,12:50,Air New Zealand,NZ,4817,NZ4817,YYC YVR
21:25,21:59,Philippine Airlines,PR,3019,PR3019,YYC YVR
22:30,23:04,Philippine Airlines,PR,3025,PR3025,YYC YVR
13:00,13:35,Qantas,QF,3373,QF3373,YYC YVR
15:00,15:35,Qantas,QF,3400,QF3400,YYC YVR
16:00,16:35,Qantas,QF,3402,QF3402,YYC YVR
23:35,#00:09,Qantas,QF,3426,QF3426,YYC YVR
19:00,19:34,Qantas,QF,3432,QF3432,YYC YVR
20:00,20:36,Virgin Australia,VA,5191,VA5191,YYC YVR
18:30,19:06,Virgin Australia,VA,5193,VA5193,YYC YVR
19:00,19:34,Virgin Atlantic,VS,8030,VS8030,YYC YVR
17:30,18:04,Virgin Atlantic,VS,8032,VS8032,YYC YVR
22:16,22:47,Cargojet,W8,2389,W82389,YYC YVR
08:00,08:34,WestJet,WS,105,WS105,YYC YVR
09:00,09:34,WestJet,WS,107,WS107,YYC YVR
11:00,11:35,WestJet,WS,111,WS111,YYC YVR
14:00,14:35,WestJet,WS,117,WS117,YYC YVR
16:00,16:35,WestJet,WS,121,WS121,YYC YVR
17:30,18:04,WestJet,WS,123,WS123,YYC YVR
19:00,19:34,WestJet,WS,127,WS127,YYC YVR
20:00,20:34,WestJet,WS,129,WS129,YYC YVR
15:05,17:35,Singapore Airlines,SQ,194,SQ194,SIN HAN
14:55,17:25,FlexFlight,W2,4916,W24916,SIN HAN
13:05,15:40,Vietnam Airlines,VN,660,VN660,SIN HAN
14:55,17:25,VietJet Air,VJ,916,VJ916,SIN HAN
15:05,17:35,Virgin Australia,VA,5498,VA5498,SIN HAN
09:05,11:25,Virgin Australia,VA,5492,VA5492,SIN HAN
15:05,17:35,Vistara,UK,8194,UK8194,SIN HAN
09:05,11:25,Vistara,UK,8192,UK8192,SIN HAN
09:45,12:35,Scoot,TR,300,TR300,SIN HAN
09:05,11:25,Turkish Airlines,TK,9340,TK9340,SIN HAN
09:45,12:35,Singapore Airlines,SQ,8552,SQ8552,SIN HAN
09:05,11:25,Singapore Airlines,SQ,192,SQ192,SIN HAN
09:05,11:25,Air New Zealand,NZ,3458,NZ3458,SIN HAN
15:05,17:35,Air New Zealand,NZ,3218,NZ3218,SIN HAN
09:05,11:25,SWISS,LX,9036,LX9036,SIN HAN
14:55,17:25,,A1,2916,A12916,SIN HAN
09:05,11:25,Ethiopian Airlines,ET,1334,ET1334,SIN HAN
13:05,15:40,Garuda Indonesia,GA,9606,GA9606,SIN HAN
14:55,17:25,,H1,4118,H14118,SIN HAN
13:05,15:40,Cambodia Angkor Air,K6,3660,K63660,SIN HAN
09:05,11:25,Lufthansa,LH,7224,LH7224,SIN HAN
20:10,21:30,Myanmar Airways International,8M,5309,8M5309,SIN CMB
22:20,23:35,Virgin Australia,VA,5624,VA5624,SIN CMB
20:10,21:30,SriLankan Airlines,UL,309,UL309,SIN CMB
22:20,23:35,Singapore Airlines,SQ,468,SQ468,SIN CMB
20:10,21:30,Qantas,QF,3423,QF3423,SIN CMB
22:20,23:35,Air New Zealand,NZ,3444,NZ3444,SIN CMB
20:10,21:30,Korean Air,KE,5470,KE5470,SIN CMB
20:10,21:30,Jet Linx Aviation,JL,5732,JL5732,SIN CMB
20:10,21:30,Air Seychelles,HM,6225,HM6225,SIN CMB
20:10,21:30,Etihad Airways,EY,7175,EY7175,SIN CMB
20:10,21:30,Finnair,AY,6643,AY6643,SIN CMB
22:20,23:35,Air Canada,AC,5871,AC5871,SIN CMB
21:10,#01:00,FitsAir,8D,911,8D911,CMB DAC
21:10,#01:00,,A1,5166,A15166,CMB DAC
07:45,11:30,Etihad Airways,EY,7168,EY7168,CMB DAC
07:45,11:30,SriLankan Airlines,UL,189,UL189,CMB DAC
21:10,#01:00,FlexFlight,W2,1892,W21892,CMB DAC
21:10,#01:00,,X1,471,X1471,CMB DAC
07:55,09:05,IndiGo,6E,7101,6E7101,TRZ MAA
20:55,22:05,IndiGo,6E,7151,6E7151,TRZ MAA
19:30,20:40,IndiGo,6E,7242,6E7242,TRZ MAA
14:30,15:40,IndiGo,6E,7268,6E7268,TRZ MAA
12:35,13:45,IndiGo,6E,7347,6E7347,TRZ MAA
11:00,12:10,IndiGo,6E,7365,6E7365,TRZ MAA
18:00,19:25,Singapore Airlines,SQ,137,SQ137,PEN SIN
18:00,19:25,SWISS,LX,9075,LX9075,PEN SIN
12:00,13:40,SWISS,LX,9077,LX9077,PEN SIN
07:55,09:30,Malaysia Airlines,MH,4714,MH4714,PEN SIN
10:15,11:40,Malaysia Airlines,MH,5739,MH5739,PEN SIN
12:00,13:40,Malaysia Airlines,MH,5741,MH5741,PEN SIN
18:00,19:25,Malaysia Airlines,MH,5745,MH5745,PEN SIN
21:15,22:40,Malaysia Airlines,MH,5747,MH5747,PEN SIN
10:15,11:40,Air New Zealand,NZ,3231,NZ3231,PEN SIN
12:00,13:40,Air New Zealand,NZ,3421,NZ3421,PEN SIN
21:15,22:40,Air New Zealand,NZ,3423,NZ3423,PEN SIN
18:00,19:25,Air New Zealand,NZ,3425,NZ3425,PEN SIN
09:35,11:10,Qantas,QF,5190,QF5190,PEN SIN
10:15,11:40,Singapore Airlines,SQ,131,SQ131,PEN SIN
12:00,13:40,Singapore Airlines,SQ,133,SQ133,PEN SIN
09:35,11:10,Jetstar Asia,3K,672,3K672,PEN SIN
21:15,22:40,Singapore Airlines,SQ,141,SQ141,PEN SIN
16:50,18:20,Singapore Airlines,SQ,8501,SQ8501,PEN SIN
11:20,12:50,Singapore Airlines,SQ,8503,SQ8503,PEN SIN
22:20,23:35,Singapore Airlines,SQ,8603,SQ8603,PEN SIN
16:50,18:20,Scoot,TR,425,TR425,PEN SIN
11:20,12:50,Scoot,TR,427,TR427,PEN SIN
22:20,23:35,Scoot,TR,429,TR429,PEN SIN
18:00,19:25,United Airlines,UA,7685,UA7685,PEN SIN
12:00,13:40,United Airlines,UA,7711,UA7711,PEN SIN
12:00,13:40,Vistara,UK,8133,UK8133,PEN SIN
10:15,11:40,Virgin Australia,VA,5451,VA5451,PEN SIN
12:00,13:40,Virgin Australia,VA,5453,VA5453,PEN SIN
18:00,19:25,Virgin Australia,VA,5457,VA5457,PEN SIN
21:15,22:40,Virgin Australia,VA,5461,VA5461,PEN SIN
07:55,09:30,Firefly,FY,3670,FY3670,PEN SIN
19:25,21:00,AirAsia,AK,1729,AK1729,PEN SIN
09:35,11:10,Finnair,AY,6402,AY6402,PEN SIN
15:35,17:10,AirAsia,AK,1725,AK1725,PEN SIN
11:50,13:20,AirAsia,AK,1723,AK1723,PEN SIN
09:35,11:10,Emirates,EK,7760,EK7760,PEN SIN
09:25,10:55,AirAsia,AK,1721,AK1721,PEN SIN
09:35,11:10,Jetstar,JQ,672,JQ672,PEN SIN
21:15,22:40,Air Canada,AC,5866,AC5866,PEN SIN
09:35,11:10,KLM,KL,4863,KL4863,PEN SIN
21:15,22:40,Lufthansa,LH,7225,LH7225,PEN SIN
20:30,22:00,AirAsia,AK,1727,AK1727,PEN SIN
21:20,22:55,Jetstar Asia,3K,678,3K678,PEN SIN
15:15,16:55,Virgin Australia,VA,5455,VA5455,PEN SIN
15:15,16:55,Air France,AF,7238,AF7238,PEN SIN
15:15,16:55,Vistara,UK,8135,UK8135,PEN SIN
21:20,22:55,KLM,KL,4859,KL4859,PEN SIN
15:15,16:55,Malaysia Airlines,MH,5743,MH5743,PEN SIN
21:20,22:55,Jetstar,JQ,678,JQ678,PEN SIN
15:15,16:55,Air New Zealand,NZ,3427,NZ3427,PEN SIN
21:20,22:55,Qantas,QF,5194,QF5194,PEN SIN
21:20,22:55,Emirates,EK,7754,EK7754,PEN SIN
15:15,16:55,Singapore Airlines,SQ,135,SQ135,PEN SIN
07:25,08:55,Jetstar Asia,3K,671,3K671,SIN PEN
09:45,11:10,Air Canada,AC,5867,AC5867,SIN PEN
09:45,11:10,Air France,AF,7239,AF7239,SIN PEN
19:00,20:25,Air France,AF,7240,AF7240,SIN PEN
11:25,12:45,AirAsia,AK,1720,AK1720,SIN PEN
13:50,15:10,AirAsia,AK,1722,AK1722,SIN PEN
17:35,19:00,AirAsia,AK,1724,AK1724,SIN PEN
21:40,23:05,AirAsia,AK,1730,AK1730,SIN PEN
16:30,18:00,Cathay Pacific,CX,78,CX78,SIN PEN
07:25,08:55,Emirates,EK,7759,EK7759,SIN PEN
10:30,12:05,Firefly,FY,3671,FY3671,SIN PEN
07:25,08:55,Jetstar,JQ,671,JQ671,SIN PEN
07:25,08:55,KLM,KL,4850,KL4850,SIN PEN
19:00,20:25,Lufthansa,LH,7234,LH7234,SIN PEN
08:00,09:25,SWISS,LX,9056,LX9056,SIN PEN
19:00,20:25,SWISS,LX,9076,LX9076,SIN PEN
10:30,12:05,Malaysia Airlines,MH,4715,MH4715,SIN PEN
08:00,09:25,Malaysia Airlines,MH,5738,MH5738,SIN PEN
09:45,11:10,Malaysia Airlines,MH,5740,MH5740,SIN PEN
15:40,17:05,Malaysia Airlines,MH,5744,MH5744,SIN PEN
19:00,20:25,Malaysia Airlines,MH,5746,MH5746,SIN PEN
08:00,09:25,Air New Zealand,NZ,3232,NZ3232,SIN PEN
09:45,11:10,Air New Zealand,NZ,3422,NZ3422,SIN PEN
19:00,20:25,Air New Zealand,NZ,3424,NZ3424,SIN PEN
15:40,17:05,Air New Zealand,NZ,3426,NZ3426,SIN PEN
07:25,08:55,Qantas,QF,5189,QF5189,SIN PEN
08:00,09:25,Singapore Airlines,SQ,132,SQ132,SIN PEN
09:45,11:10,Singapore Airlines,SQ,134,SQ134,SIN PEN
15:40,17:05,Singapore Airlines,SQ,138,SQ138,SIN PEN
19:00,20:25,Singapore Airlines,SQ,142,SQ142,SIN PEN
14:25,15:55,Singapore Airlines,SQ,8500,SQ8500,SIN PEN
09:00,10:20,Singapore Airlines,SQ,8502,SQ8502,SIN PEN
19:45,21:20,Singapore Airlines,SQ,8602,SQ8602,SIN PEN
14:25,15:55,Scoot,TR,424,TR424,SIN PEN
09:00,10:20,Scoot,TR,426,TR426,SIN PEN
19:45,21:20,Scoot,TR,428,TR428,SIN PEN
15:40,17:05,United Airlines,UA,7671,UA7671,SIN PEN
09:45,11:10,United Airlines,UA,7712,UA7712,SIN PEN
19:00,20:25,Virgin Australia,VA,5462,VA5462,SIN PEN
09:45,11:10,Vistara,UK,8134,UK8134,SIN PEN
08:00,09:25,Virgin Australia,VA,5452,VA5452,SIN PEN
09:45,11:10,Virgin Australia,VA,5454,VA5454,SIN PEN
15:40,17:05,Virgin Australia,VA,5458,VA5458,SIN PEN
19:10,20:40,Jetstar Asia,3K,677,3K677,SIN PEN
19:10,20:40,Air France,AF,9591,AF9591,SIN PEN
22:30,23:50,AirAsia,AK,1726,AK1726,SIN PEN
13:10,14:40,EVA Air,BR,6085,BR6085,SIN PEN
15:35,17:00,Cathay Pacific,CX,2073,CX2073,SIN PEN
15:35,17:00,Cathay Pacific,CX,2074,CX2074,SIN PEN
19:10,20:40,Emirates,EK,7753,EK7753,SIN PEN
19:10,20:40,Jetstar,JQ,677,JQ677,SIN PEN
06:45,08:15,Korean Air,KE,8363,KE8363,SIN PEN
19:10,20:40,KLM,KL,4858,KL4858,SIN PEN
13:00,14:25,Malaysia Airlines,MH,5742,MH5742,SIN PEN
13:00,14:25,Air New Zealand,NZ,3428,NZ3428,SIN PEN
19:10,20:40,Qantas,QF,5193,QF5193,SIN PEN
13:00,14:25,Singapore Airlines,SQ,136,SQ136,SIN PEN
13:00,14:25,Vistara,UK,8136,UK8136,SIN PEN
20:40,22:10,AirAsia,AK,350,AK350,SIN DMK
14:40,16:20,AirAsia,AK,356,AK356,SIN DMK
10:15,11:40,AirAsia,AK,358,AK358,SIN DMK
12:10,13:40,Thai Lion Air,SL,101,SL101,SIN DMK
22:40,#00:15,Thai Lion Air,SL,105,SL105,SIN DMK
16:45,20:05,AirAsia,AK,351,AK351,DMK SIN
10:40,14:05,AirAsia,AK,357,AK357,DMK SIN
06:10,09:35,AirAsia,AK,359,AK359,DMK SIN
07:45,11:10,Thai Lion Air,SL,100,SL100,DMK SIN
18:20,21:40,Thai Lion Air,SL,104,SL104,DMK SIN
12:20,13:50,AirAsia,AK,1716,AK1716,SIN LGK
10:55,12:25,AirAsia,AK,733,AK733,SIN LGK
13:00,14:35,Singapore Airlines,SQ,8394,SQ8394,SIN LGK
08:15,09:45,Singapore Airlines,SQ,8396,SQ8396,SIN LGK
13:00,14:35,Scoot,TR,476,TR476,SIN LGK
08:15,09:45,Scoot,TR,478,TR478,SIN LGK
05:30,07:20,IndiGo,6E,1006,6E1006,SIN BLR
08:40,10:25,Air Canada,AC,5843,AC5843,SIN BLR
09:15,11:20,Air India,AI,393,AI393,SIN BLR
20:05,21:50,ANA,NH,6280,NH6280,SIN BLR
20:05,21:50,Air New Zealand,NZ,3208,NZ3208,SIN BLR
08:40,10:25,Air New Zealand,NZ,3214,NZ3214,SIN BLR
08:40,10:25,Singapore Airlines,SQ,508,SQ508,SIN BLR
20:05,21:50,Singapore Airlines,SQ,510,SQ510,SIN BLR
06:00,08:00,IndiGo,6E,7107,6E7107,BLR RJA
09:55,11:45,IndiGo,6E,7231,6E7231,BLR RJA
01:40,04:55,Emirates,EK,349,EK349,SIN DXB
00:50,04:15,Emirates,EK,353,EK353,SIN DXB
01:40,04:55,Air Canada,AC,7611,AC7611,SIN DXB
00:50,04:15,TAP Air Portugal,TP,6356,TP6356,SIN DXB
09:40,13:00,TAP Air Portugal,TP,6353,TP6353,SIN DXB
15:10,18:25,Singapore Airlines,SQ,494,SQ494,SIN DXB
09:40,13:00,Qantas,QF,8405,QF8405,SIN DXB
21:00,#00:20,Qantas,QF,8355,QF8355,SIN DXB
00:50,04:15,Qantas,QF,8353,QF8353,SIN DXB
15:10,18:25,Air New Zealand,NZ,3274,NZ3274,SIN DXB
15:10,18:25,Ethiopian Airlines,ET,1301,ET1301,SIN DXB
09:40,13:00,Emirates,EK,405,EK405,SIN DXB
21:00,#00:20,Emirates,EK,355,EK355,SIN DXB
09:05,13:00,Emirates,EK,2220,EK2220,DXB BEG
18:55,22:50,Emirates,EK,2294,EK2294,DXB BEG
09:05,13:00,flydubai,FZ,1745,FZ1745,DXB BEG
18:55,22:50,flydubai,FZ,1749,FZ1749,DXB BEG
14:00,21:15,Emirates,EK,2221,EK2221,BEG DXB
14:00,21:15,flydubai,FZ,1746,FZ1746,BEG DXB
23:55,#07:05,Emirates,EK,2295,EK2295,BEG DXB
23:55,#07:05,flydubai,FZ,1750,FZ1750,BEG DXB
19:50,#07:30,Air New Zealand,NZ,3275,NZ3275,DXB SIN
03:05,15:00,TAP Air Portugal,TP,6368,TP6368,DXB SIN
10:05,21:45,TAP Air Portugal,TP,6350,TP6350,DXB SIN
19:50,#07:30,Singapore Airlines,SQ,495,SQ495,DXB SIN
21:15,#08:50,Qantas,QF,8404,QF8404,DXB SIN
03:05,15:00,Qantas,QF,8354,QF8354,DXB SIN
10:05,21:45,Qantas,QF,8352,QF8352,DXB SIN
19:50,#07:30,Ethiopian Airlines,ET,1300,ET1300,DXB SIN
21:15,#08:50,Emirates,EK,404,EK404,DXB SIN
10:05,21:45,Emirates,EK,352,EK352,DXB SIN
21:15,#08:50,Air Canada,AC,7610,AC7610,DXB SIN
02:20,14:05,Emirates,EK,348,EK348,DXB SIN
03:05,15:00,Emirates,EK,354,EK354,DXB SIN
01:45,05:50,Cathay Pacific,CX,714,CX714,SIN HKG
04:05,08:05,Qatar Airways,QR,8064,QR8064,SIN HKG
15:55,19:55,Scoot,TR,972,TR972,SIN HKG
19:00,22:45,Singapore Airlines,SQ,898,SQ898,SIN HKG
09:45,14:05,American Airlines,AA,8890,AA8890,SIN HKG
12:55,17:15,American Airlines,AA,8897,AA8897,SIN HKG
06:30,10:45,American Airlines,AA,8899,AA8899,SIN HKG
19:00,22:45,Virgin Australia,VA,5778,VA5778,SIN HKG
01:45,05:50,American Airlines,AA,8902,AA8902,SIN HKG
18:00,22:10,American Airlines,AA,8907,AA8907,SIN HKG
15:15,19:10,Air Canada,AC,6300,AC6300,SIN HKG
07:25,11:20,Virgin Australia,VA,5764,VA5764,SIN HKG
13:05,17:05,Air Canada,AC,6303,AC6303,SIN HKG
09:40,13:55,Air Canada,AC,6304,AC6304,SIN HKG
06:30,10:45,Finnair,AY,5116,AY5116,SIN HKG
09:40,13:55,Vistara,UK,8892,UK8892,SIN HKG
09:45,14:05,Finnair,AY,5134,AY5134,SIN HKG
08:00,12:20,Finnair,AY,5832,AY5832,SIN HKG
12:55,17:15,Finnair,AY,5840,AY5840,SIN HKG
20:10,#00:25,Finnair,AY,5852,AY5852,SIN HKG
20:10,#00:25,Cathay Pacific,CX,636,CX636,SIN HKG
09:45,14:05,Cathay Pacific,CX,658,CX658,SIN HKG
09:40,13:55,Virgin Australia,VA,5782,VA5782,SIN HKG
12:55,17:15,Cathay Pacific,CX,690,CX690,SIN HKG
15:15,19:10,Singapore Airlines,SQ,896,SQ896,SIN HKG
06:30,10:45,Cathay Pacific,CX,692,CX692,SIN HKG
08:00,12:20,Cathay Pacific,CX,710,CX710,SIN HKG
18:00,22:10,Cathay Pacific,CX,716,CX716,SIN HKG
16:05,20:20,Cathay Pacific,CX,734,CX734,SIN HKG
08:40,12:40,Virgin Australia,VA,5772,VA5772,SIN HKG
21:30,#01:25,DHL Air,D0,326,D0326,SIN HKG
19:00,22:45,Ethiopian Airlines,ET,1323,ET1323,SIN HKG
08:00,12:20,Fiji Airways,FJ,5451,FJ5451,SIN HKG
09:45,14:05,Fiji Airways,FJ,5459,FJ5459,SIN HKG
06:30,10:45,Fiji Airways,FJ,5461,FJ5461,SIN HKG
20:10,#00:25,Fiji Airways,FJ,5463,FJ5463,SIN HKG
20:10,#00:25,Gulf Air,GF,4058,GF4058,SIN HKG
21:30,#01:25,Air Hong Kong,LD,326,LD326,SIN HKG
20:10,#00:25,Miat - Mongolian Airlines,OM,5614,OM5614,SIN HKG
08:00,12:20,Miat - Mongolian Airlines,OM,5616,OM5616,SIN HKG
13:05,17:05,Vistara,UK,8894,UK8894,SIN HKG
09:45,14:05,Miat - Mongolian Airlines,OM,5618,OM5618,SIN HKG
13:05,17:05,Singapore Airlines,SQ,894,SQ894,SIN HKG
12:55,17:15,Miat - Mongolian Airlines,OM,5620,OM5620,SIN HKG
15:15,19:10,Virgin Australia,VA,5776,VA5776,SIN HKG
16:05,20:20,Miat - Mongolian Airlines,OM,5654,OM5654,SIN HKG
18:00,22:10,Miat - Mongolian Airlines,OM,5656,OM5656,SIN HKG
01:45,05:50,Miat - Mongolian Airlines,OM,5732,OM5732,SIN HKG
13:05,17:05,Virgin Australia,VA,5774,VA5774,SIN HKG
06:30,10:45,Miat - Mongolian Airlines,OM,5736,OM5736,SIN HKG
09:40,13:55,Singapore Airlines,SQ,892,SQ892,SIN HKG
01:45,05:50,Qatar Airways,QR,3455,QR3455,SIN HKG
12:55,17:15,Qatar Airways,QR,3484,QR3484,SIN HKG
16:05,20:20,Qatar Airways,QR,3491,QR3491,SIN HKG
18:00,22:10,Qatar Airways,QR,5816,QR5816,SIN HKG
20:10,#00:25,Qatar Airways,QR,8374,QR8374,SIN HKG
09:45,14:05,Qatar Airways,QR,8375,QR8375,SIN HKG
06:30,10:45,Qatar Airways,QR,8377,QR8377,SIN HKG
08:00,12:20,Qatar Airways,QR,8378,QR8378,SIN HKG
15:20,19:20,Hong Kong Air Cargo,RH,372,RH372,SIN HKG
08:40,12:40,Singapore Airlines,SQ,882,SQ882,SIN HKG
15:30,19:35,Singapore Airlines,SQ,7868,SQ7868,SIN HKG
21:20,#01:25,Singapore Airlines,SQ,7870,SQ7870,SIN HKG
09:45,13:50,Singapore Airlines,SQ,7980,SQ7980,SIN HKG
07:25,11:20,Singapore Airlines,SQ,874,SQ874,SIN HKG
15:55,19:55,Singapore Airlines,SQ,8682,SQ8682,SIN HKG
18:00,22:10,Gulf Air,GF,4052,GF4052,SIN HKG
16:05,20:20,Gulf Air,GF,4064,GF4064,SIN HKG
22:40,#02:35,Air Hong Kong,LD,316,LD316,SIN HKG
00:55,04:35,Qatar Airways,QR,8408,QR8408,SIN HKG
12:55,17:05,Singapore Airlines,SQ,7860,SQ7860,SIN HKG
01:10,05:05,Cebu Pacific Air,5J,548,5J548,SIN CEB
10:55,14:40,Air New Zealand,NZ,3396,NZ3396,SIN CEB
00:15,04:05,Singapore Airlines,SQ,8436,SQ8436,SIN CEB
08:20,12:05,Singapore Airlines,SQ,8556,SQ8556,SIN CEB
10:55,14:40,Singapore Airlines,SQ,900,SQ900,SIN CEB
08:20,12:05,Scoot,TR,384,TR384,SIN CEB
00:15,04:05,Scoot,TR,388,TR388,SIN CEB
20:40,#00:25,Cebu Pacific Air,5J,547,5J547,CEB SIN
15:30,19:15,Lufthansa,LH,7233,LH7233,CEB SIN
15:30,19:15,Air New Zealand,NZ,3397,NZ3397,CEB SIN
05:20,09:15,Singapore Airlines,SQ,8435,SQ8435,CEB SIN
13:05,16:40,Singapore Airlines,SQ,8557,SQ8557,CEB SIN
15:30,19:15,Singapore Airlines,SQ,901,SQ901,CEB SIN
13:05,16:40,Scoot,TR,385,TR385,CEB SIN
05:20,09:15,Scoot,TR,389,TR389,CEB SIN
07:30,08:30,Lufthansa,LH,9758,LH9758,SIN PNH
07:30,08:30,Singapore Airlines,SQ,154,SQ154,SIN PNH
12:00,13:05,Air New Zealand,NZ,3482,NZ3482,SIN PNH
07:30,08:30,Air New Zealand,NZ,3478,NZ3478,SIN PNH
12:00,13:05,Singapore Airlines,SQ,156,SQ156,SIN PNH
16:30,17:20,Air New Zealand,NZ,3440,NZ3440,SIN PNH
07:30,08:30,ANA,NH,6288,NH6288,SIN PNH
16:30,17:20,Singapore Airlines,SQ,158,SQ158,SIN PNH
07:30,08:30,SWISS,LX,9084,LX9084,SIN PNH
12:00,13:05,Vistara,UK,8156,UK8156,SIN PNH
07:30,08:30,Virgin Australia,VA,5474,VA5474,SIN PNH
12:00,13:05,Virgin Australia,VA,5476,VA5476,SIN PNH
16:30,17:20,Air Canada,AC,5870,AC5870,SIN PNH
12:00,13:05,Air Canada,AC,5868,AC5868,SIN PNH
16:30,17:20,Virgin Australia,VA,5478,VA5478,SIN PNH
13:35,14:50,SriLankan Airlines,UL,3275,UL3275,SIN PNH
13:35,14:50,Qantas,QF,5163,QF5163,SIN PNH
13:35,14:50,Jetstar Asia,3K,593,3K593,SIN PNH
13:35,14:50,KLM,KL,4868,KL4868,SIN PNH
13:35,14:50,Jetstar,JQ,593,JQ593,SIN PNH
13:35,14:50,Emirates,EK,7747,EK7747,SIN PNH
13:35,14:50,Air France,AF,9598,AF9598,SIN PNH
02:00,05:40,Scoot,TR,396,TR396,SIN MNL
00:30,04:20,Philippine Airlines,PR,510,PR510,SIN MNL
02:15,06:00,Jetstar Asia,3K,763,3K763,SIN MNL
01:30,05:40,Cebu Pacific Air,5J,804,5J804,SIN MNL
19:50,23:45,Philippine Airlines,PR,512,PR512,SIN MNL
19:25,23:00,Lufthansa,LH,7202,LH7202,SIN MNL
10:40,14:30,Philippine Airlines,PR,502,PR502,SIN MNL
19:25,23:00,Philippine Airlines,PR,3856,PR3856,SIN MNL
13:30,17:25,Philippine Airlines,PR,3854,PR3854,SIN MNL
09:20,13:05,Philippine Airlines,PR,3852,PR3852,SIN MNL
12:00,15:45,Philippine Airlines,PR,3850,PR3850,SIN MNL
19:25,23:00,Air New Zealand,NZ,3442,NZ3442,SIN MNL
12:00,15:45,Air New Zealand,NZ,3438,NZ3438,SIN MNL
09:20,13:05,Air New Zealand,NZ,3436,NZ3436,SIN MNL
19:25,23:00,SWISS,LX,9072,LX9072,SIN MNL
06:00,09:50,Jetstar Asia,3K,761,3K761,SIN MNL
06:00,09:50,Qantas,QF,5219,QF5219,SIN MNL
02:15,06:00,Qantas,QF,5221,QF5221,SIN MNL
10:40,14:30,Singapore Airlines,SQ,5052,SQ5052,SIN MNL
00:30,04:20,Singapore Airlines,SQ,5056,SQ5056,SIN MNL
19:50,23:45,Singapore Airlines,SQ,5058,SQ5058,SIN MNL
14:35,18:35,Singapore Airlines,SQ,8594,SQ8594,SIN MNL
02:00,05:40,Singapore Airlines,SQ,8636,SQ8636,SIN MNL
09:20,13:05,Singapore Airlines,SQ,910,SQ910,SIN MNL
12:00,15:45,Singapore Airlines,SQ,912,SQ912,SIN MNL
13:30,17:25,Singapore Airlines,SQ,916,SQ916,SIN MNL
19:25,23:00,Singapore Airlines,SQ,918,SQ918,SIN MNL
14:35,18:35,Scoot,TR,390,TR390,SIN MNL
17:15,21:00,KLM,KL,4851,KL4851,SIN MNL
10:35,14:45,Cebu Pacific Air,5J,814,5J814,SIN MNL
20:55,#01:00,Jetstar,JQ,767,JQ767,SIN MNL
18:40,22:50,Cebu Pacific Air,5J,806,5J806,SIN MNL
20:55,#01:00,Jetstar Asia,3K,767,3K767,SIN MNL
17:15,21:00,Air France,AF,7001,AF7001,SIN MNL
17:15,21:00,Jetstar,JQ,765,JQ765,SIN MNL
17:15,21:00,Jetstar Asia,3K,765,3K765,SIN MNL
02:15,06:00,Finnair,AY,6373,AY6373,SIN MNL
02:15,06:00,Jetstar,JQ,763,JQ763,SIN MNL
14:30,18:25,Singapore Airlines,SQ,5054,SQ5054,SIN MNL
06:00,09:50,Jetstar,JQ,761,JQ761,SIN MNL
06:30,10:30,China Airlines,CI,5880,CI5880,SIN MNL
14:30,18:25,Philippine Airlines,PR,508,PR508,SIN MNL
05:00,06:35,Philippine Airlines,PR,2557,PR2557,MNL DPL
07:50,09:30,Cebu Pacific Air,5J,703,5J703,MNL DPL
12:10,13:55,Cebu Pacific Air,5J,705,5J705,MNL DPL
00:40,07:55,KLM,KL,836,KL836,SIN AMS
00:40,07:55,Air France,AF,8218,AF8218,SIN AMS
00:40,07:55,Qantas,QF,4235,QF4235,SIN AMS
23:55,#07:15,Singapore Airlines,SQ,324,SQ324,SIN AMS
23:55,#07:15,Air New Zealand,NZ,3324,NZ3324,SIN AMS
23:55,#07:15,Virgin Australia,VA,5570,VA5570,SIN AMS
14:15,16:25,Aeromexico,AM,6301,AM6301,AMS BCN
10:25,12:35,China Airlines,CI,8593,CI8593,AMS BCN
14:15,16:25,China Airlines,CI,9393,CI9393,AMS BCN
08:15,10:25,China Southern Airlines,CZ,7649,CZ7649,AMS BCN
10:25,12:35,China Southern Airlines,CZ,7650,CZ7650,AMS BCN
14:15,16:25,China Southern Airlines,CZ,7652,CZ7652,AMS BCN
12:25,14:35,Delta Air Lines,DL,7494,DL7494,AMS BCN
10:25,12:35,Delta Air Lines,DL,9186,DL9186,AMS BCN
14:15,16:25,Delta Air Lines,DL,9187,DL9187,AMS BCN
08:15,10:25,Delta Air Lines,DL,9188,DL9188,AMS BCN
10:25,12:35,Garuda Indonesia,GA,9022,GA9022,AMS BCN
08:15,10:25,Garuda Indonesia,GA,9248,GA9248,AMS BCN
06:00,08:10,Transavia,HV,5131,HV5131,AMS BCN
12:25,14:35,Transavia,HV,5135,HV5135,AMS BCN
10:30,12:50,Iberia,IB,5753,IB5753,AMS BCN
13:20,15:40,Iberia,IB,5755,IB5755,AMS BCN
07:00,09:20,Iberia,IB,5760,IB5760,AMS BCN
08:15,10:25,Korean Air,KE,6405,KE6405,AMS BCN
08:15,10:25,KLM,KL,1511,KL1511,AMS BCN
10:25,12:35,KLM,KL,1513,KL1513,AMS BCN
14:15,16:25,KLM,KL,1517,KL1517,AMS BCN
16:45,18:50,KLM,KL,1519,KL1519,AMS BCN
20:35,22:45,KLM,KL,1521,KL1521,AMS BCN
10:25,12:35,Kenya Airways,KQ,1673,KQ1673,AMS BCN
08:15,10:25,Xiamen Airlines,MF,9319,MF9319,AMS BCN
10:25,12:35,Xiamen Airlines,MF,9321,MF9321,AMS BCN
14:15,16:25,Xiamen Airlines,MF,9323,MF9323,AMS BCN
08:15,10:25,China Eastern Airlines,MU,1839,MU1839,AMS BCN
10:25,12:35,China Eastern Airlines,MU,1841,MU1841,AMS BCN
13:20,15:40,Qatar Airways,QR,3518,QR3518,AMS BCN
07:00,09:20,Qatar Airways,QR,3521,QR3521,AMS BCN
10:30,12:50,Qatar Airways,QR,3523,QR3523,AMS BCN
19:35,21:55,Vueling,VY,8020,VY8020,AMS BCN
10:30,12:50,Vueling,VY,8301,VY8301,AMS BCN
13:20,15:40,Vueling,VY,8303,VY8303,AMS BCN
21:30,23:50,Vueling,VY,8305,VY8305,AMS BCN
07:00,09:20,Vueling,VY,8308,VY8308,AMS BCN
16:45,18:50,Aeromexico,AM,6302,AM6302,AMS BCN
20:35,22:45,Aeromexico,AM,6303,AM6303,AMS BCN
16:45,18:50,China Southern Airlines,CZ,7653,CZ7653,AMS BCN
20:35,22:45,China Southern Airlines,CZ,7654,CZ7654,AMS BCN
16:45,18:50,Delta Air Lines,DL,9253,DL9253,AMS BCN
16:45,18:50,Etihad Airways,EY,7305,EY7305,AMS BCN
20:35,22:45,Etihad Airways,EY,7306,EY7306,AMS BCN
20:35,22:45,Gol,G3,5507,G35507,AMS BCN
16:45,18:50,Gol,G3,5651,G35651,AMS BCN
18:50,21:00,Transavia,HV,5133,HV5133,AMS BCN
19:35,21:55,Iberia,IB,5712,IB5712,AMS BCN
21:30,23:50,Iberia,IB,5757,IB5757,AMS BCN
18:25,20:45,Iberia,IB,5759,IB5759,AMS BCN
16:20,18:40,Iberia,IB,5762,IB5762,AMS BCN
20:35,22:45,Korean Air,KE,6413,KE6413,AMS BCN
16:45,18:50,Kenya Airways,KQ,1675,KQ1675,AMS BCN
20:35,22:45,Kenya Airways,KQ,1681,KQ1681,AMS BCN
07:00,09:20,LATAM Airlines,LA,5745,LA5745,AMS BCN
16:45,18:50,Xiamen Airlines,MF,9325,MF9325,AMS BCN
20:35,22:45,Xiamen Airlines,MF,9327,MF9327,AMS BCN
20:35,22:45,China Eastern Airlines,MU,1843,MU1843,AMS BCN
10:30,12:50,Qatar Airways,QR,3517,QR3517,AMS BCN
19:35,21:55,Qatar Airways,QR,3522,QR3522,AMS BCN
16:20,18:40,Qatar Airways,QR,3524,QR3524,AMS BCN
21:30,23:50,Qatar Airways,QR,3525,QR3525,AMS BCN
18:25,20:45,Qatar Airways,QR,3526,QR3526,AMS BCN
16:45,18:50,Saudia,SV,6336,SV6336,AMS BCN
20:35,22:45,Saudia,SV,6337,SV6337,AMS BCN
18:25,20:45,Vueling,VY,8307,VY8307,AMS BCN
19:50,#04:25,Singapore Airlines,SQ,8303,SQ8303,ATQ SIN
19:50,#04:25,Scoot,TR,513,TR513,ATQ SIN
09:15,16:25,Iberia,IB,2472,IB2472,BCN DOH
16:25,23:35,Oman Air,WY,6304,WY6304,BCN DOH
09:15,16:25,Oman Air,WY,6302,WY6302,BCN DOH
16:25,23:35,Virgin Australia,VA,6081,VA6081,BCN DOH
09:15,16:25,Virgin Australia,VA,6079,VA6079,BCN DOH
09:15,16:25,SriLankan Airlines,UL,3548,UL3548,BCN DOH
16:25,23:35,Qatar Airways,QR,146,QR146,BCN DOH
22:50,#06:00,Qatar Airways,QR,142,QR142,BCN DOH
09:15,16:25,Qatar Airways,QR,138,QR138,BCN DOH
16:25,23:35,Malaysia Airlines,MH,9246,MH9246,BCN DOH
09:15,16:25,Malaysia Airlines,MH,9242,MH9242,BCN DOH
16:25,23:35,Iberia,IB,2474,IB2474,BCN DOH
16:25,23:35,LATAM Airlines,LA,5593,LA5593,BCN DOH
22:50,#06:00,Iberia,IB,882,IB882,BCN DOH
22:50,#06:00,SriLankan Airlines,UL,3550,UL3550,BCN DOH
22:50,#06:00,Malaysia Airlines,MH,9244,MH9244,BCN DOH
22:50,#06:00,LATAM Airlines,LA,5615,LA5615,BCN DOH
07:40,20:45,Royal Jordanian,RJ,3827,RJ3827,DOH SIN
02:40,15:45,LATAM Airlines,LA,5273,LA5273,DOH SIN
02:40,15:45,Air Serbia,JU,8341,JU8341,DOH SIN
19:55,#09:00,Qatar Airways,QR,942,QR942,DOH SIN
07:40,20:45,Iberia,IB,908,IB908,DOH SIN
02:40,15:45,Iberia,IB,7958,IB7958,DOH SIN
07:40,20:45,Qatar Airways,QR,944,QR944,DOH SIN
02:40,15:45,Qatar Airways,QR,948,QR948,DOH SIN
02:40,15:45,British Airways,BA,4494,BA4494,DOH SIN
07:40,20:45,British Airways,BA,2304,BA2304,DOH SIN
07:40,20:45,JetBlue Airways,B6,6642,B66642,DOH SIN
02:40,15:45,JetBlue Airways,B6,6532,B66532,DOH SIN
07:40,20:45,Oman Air,WY,6579,WY6579,DOH SIN
02:40,15:45,American Airlines,AA,8207,AA8207,DOH SIN
02:40,15:45,Royal Air Maroc,AT,5724,AT5724,DOH SIN
02:40,15:45,RwandAir,WB,1100,WB1100,DOH SIN
07:40,20:45,American Airlines,AA,8257,AA8257,DOH SIN
02:40,15:45,AlphaSky,AS,5918,AS5918,DOH SIN
02:40,15:45,Oman Air,WY,6083,WY6083,DOH SIN
07:40,20:45,RwandAir,WB,1092,WB1092,DOH SIN
07:40,20:45,AlphaSky,AS,5775,AS5775,DOH SIN
19:55,#09:00,Oman Air,WY,6081,WY6081,DOH SIN
19:55,#09:00,Royal Jordanian,RJ,3816,RJ3816,DOH SIN
19:55,#09:00,AlphaSky,AS,5773,AS5773,DOH SIN
19:55,#09:00,Royal Air Maroc,AT,5726,AT5726,DOH SIN
19:55,#09:00,JetBlue Airways,B6,5583,B65583,DOH SIN
19:55,#09:00,LATAM Airlines,LA,6067,LA6067,DOH SIN
19:55,#09:00,British Airways,BA,6176,BA6176,DOH SIN
19:55,#09:00,Iberia,IB,7954,IB7954,DOH SIN
19:55,#09:00,American Airlines,AA,8206,AA8206,DOH SIN
01:25,05:35,SF Airlines,O3,106,O3106,SIN SZX
12:00,16:15,Shenzhen Airlines,ZH,9026,ZH9026,SIN SZX
17:40,22:05,Shenzhen Airlines,ZH,9024,ZH9024,SIN SZX
22:10,#02:20,Singapore Airlines,SQ,856,SQ856,SIN SZX
23:15,#02:15,Shandong Airlines,SC,2402,SC2402,SIN SZX
00:40,04:45,Longhao Airlines,GI,4362,GI4362,SIN SZX
20:50,#01:20,China Southern Airlines,CZ,8048,CZ8048,SIN SZX
12:00,16:15,Air China LTD,CA,3726,CA3726,SIN SZX
17:40,22:05,Air China LTD,CA,3306,CA3306,SIN SZX
22:10,#02:20,Singapore Airlines,SQ,860,SQ860,SIN SZX
03:40,07:05,Korean Air,KE,343,KE343,MNL SIN
02:00,05:50,Jetstar Asia,3K,768,3K768,MNL SIN
10:30,14:15,Qantas,QF,5220,QF5220,MNL SIN
18:30,22:20,Lufthansa,LH,7223,LH7223,MNL SIN
18:30,22:20,SWISS,LX,9073,LX9073,MNL SIN
14:15,17:50,Air New Zealand,NZ,3437,NZ3437,MNL SIN
07:40,11:20,Air New Zealand,NZ,3439,NZ3439,MNL SIN
18:30,22:20,Air New Zealand,NZ,3441,NZ3441,MNL SIN
07:40,11:20,Philippine Airlines,PR,3851,PR3851,MNL SIN
14:15,17:50,Philippine Airlines,PR,3853,PR3853,MNL SIN
16:55,20:30,Philippine Airlines,PR,3855,PR3855,MNL SIN
18:30,22:20,Philippine Airlines,PR,3857,PR3857,MNL SIN
15:10,18:50,Philippine Airlines,PR,501,PR501,MNL SIN
19:40,23:15,Philippine Airlines,PR,509,PR509,MNL SIN
05:45,09:40,Philippine Airlines,PR,511,PR511,MNL SIN
10:30,14:15,Jetstar Asia,3K,762,3K762,MNL SIN
17:40,21:30,Qantas,QF,5222,QF5222,MNL SIN
15:10,18:50,Singapore Airlines,SQ,5051,SQ5051,MNL SIN
19:40,23:15,Singapore Airlines,SQ,5055,SQ5055,MNL SIN
19:35,23:15,Singapore Airlines,SQ,8595,SQ8595,MNL SIN
06:55,10:30,Singapore Airlines,SQ,8637,SQ8637,MNL SIN
07:40,11:20,Singapore Airlines,SQ,915,SQ915,MNL SIN
14:15,17:50,Singapore Airlines,SQ,917,SQ917,MNL SIN
16:55,20:30,Singapore Airlines,SQ,919,SQ919,MNL SIN
18:30,22:20,Singapore Airlines,SQ,921,SQ921,MNL SIN
19:35,23:15,Scoot,TR,391,TR391,MNL SIN
06:55,10:30,Scoot,TR,397,TR397,MNL SIN
13:30,17:25,Cebu Pacific Air,5J,805,5J805,MNL SIN
17:40,21:30,KLM,KL,4867,KL4867,MNL SIN
05:35,09:25,Cebu Pacific Air,5J,813,5J813,MNL SIN
10:30,14:15,Finnair,AY,6384,AY6384,MNL SIN
02:00,05:50,Jetstar,JQ,768,JQ768,MNL SIN
17:40,21:30,Jetstar Asia,3K,764,3K764,MNL SIN
21:40,#01:20,Jetstar,JQ,766,JQ766,MNL SIN
20:15,#00:05,Cebu Pacific Air,5J,803,5J803,MNL SIN
10:30,14:15,Air France,AF,7000,AF7000,MNL SIN
17:40,21:30,Jetstar,JQ,764,JQ764,MNL SIN
21:40,#01:20,Jetstar Asia,3K,766,3K766,MNL SIN
09:35,13:15,Singapore Airlines,SQ,5053,SQ5053,MNL SIN
10:30,14:15,Jetstar,JQ,762,JQ762,MNL SIN
09:35,13:15,Philippine Airlines,PR,507,PR507,MNL SIN
17:15,17:45,IndiGo,6E,1106,6E1106,DAC CCU
09:00,09:25,IndiGo,6E,1108,6E1108,DAC CCU
19:15,19:45,Biman Bangladesh Airlines,BG,395,BG395,DAC CCU
10:00,10:30,US-Bangla Airlines,BS,201,BS201,DAC CCU
12:40,13:15,Novoair,VQ,721,VQ721,DAC CCU
20:20,#03:15,IndiGo,6E,1015,6E1015,CCU SIN
23:30,#06:20,Air Canada,AC,5850,AC5850,CCU SIN
23:30,#06:20,Air India,AI,7261,AI7261,CCU SIN
23:30,#06:20,ANA,NH,6291,NH6291,CCU SIN
23:30,#06:20,Air New Zealand,NZ,3209,NZ3209,CCU SIN
23:30,#06:20,Singapore Airlines,SQ,517,SQ517,CCU SIN
15:55,11:40,Air Canada,AC,26,AC26,PVG YVR
15:55,11:40,Air China LTD,CA,7455,CA7455,PVG YVR
10:45,#14:05,Air Canada,AC,25,AC25,YVR PVG
10:45,#14:05,Air China LTD,CA,7456,CA7456,YVR PVG
04:15,05:55,IndiGo,6E,1016,6E1016,SIN CCU
20:40,22:15,Air Canada,AC,5851,AC5851,SIN CCU
20:40,22:15,Air India,AI,7262,AI7262,SIN CCU
20:40,22:15,ANA,NH,6290,NH6290,SIN CCU
20:40,22:15,Air New Zealand,NZ,3210,NZ3210,SIN CCU
20:40,22:15,Singapore Airlines,SQ,516,SQ516,SIN CCU
14:50,16:15,IndiGo,6E,1105,6E1105,CCU DAC
06:35,08:00,IndiGo,6E,1107,6E1107,CCU DAC
20:45,22:10,Biman Bangladesh Airlines,BG,396,BG396,CCU DAC
11:30,13:00,US-Bangla Airlines,BS,202,BS202,CCU DAC
13:55,15:30,Novoair,VQ,722,VQ722,CCU DAC
17:30,19:00,IndiGo,6E,8403,6E8403,CCU DAC
18:00,19:55,IndiGo,6E,1114,6E1114,DAC MAA
11:15,13:35,Biman Bangladesh Airlines,BG,363,BG363,DAC MAA
10:45,12:55,US-Bangla Airlines,BS,205,BS205,DAC MAA
13:05,15:15,US-Bangla Airlines,BS,215,BS215,DAC MAA
13:05,15:15,SkyUp Airlines,PQ,215,PQ215,DAC MAA
11:05,13:25,Singapore Airlines,SQ,8572,SQ8572,SIN VTE
11:05,13:25,Scoot,TR,350,TR350,SIN VTE
14:10,17:50,Singapore Airlines,SQ,8573,SQ8573,VTE SIN
14:10,17:50,Scoot,TR,351,TR351,VTE SIN
00:50,06:40,Malindo Air,OD,161,OD161,DAC KUL
02:05,08:00,Malaysia Airlines,MH,197,MH197,DAC KUL
11:35,17:30,Biman Bangladesh Airlines,BG,382,BG382,DAC KUL
11:00,17:00,SkyUp Airlines,PQ,315,PQ315,DAC KUL
12:15,18:15,Malaysia Airlines,MH,103,MH103,DAC KUL
01:20,07:10,Batik Air,ID,161,ID161,DAC KUL
11:00,17:00,US-Bangla Airlines,BS,315,BS315,DAC KUL
20:00,#01:55,Biman Bangladesh Airlines,BG,386,BG386,DAC KUL
02:40,08:35,AirAsia,AK,78,AK78,DAC KUL
13:35,17:00,IndiGo,6E,1113,6E1113,MAA DAC
14:40,17:50,Biman Bangladesh Airlines,BG,364,BG364,MAA DAC
13:55,17:05,US-Bangla Airlines,BS,206,BS206,MAA DAC
16:15,19:25,US-Bangla Airlines,BS,216,BS216,MAA DAC
16:15,19:25,SkyUp Airlines,PQ,216,PQ216,MAA DAC
01:10,02:55,Cathay Pacific,CX,54,CX54,CGO PVG
08:15,10:25,China Southern Airlines,CZ,3591,CZ3591,CGO PVG
12:20,14:25,Shanghai Airlines,FM,9346,FM9346,CGO PVG
16:50,18:40,China Eastern Airlines,MU,3623,MU3623,CGO PVG
07:30,09:20,Shanghai Airlines,FM,9322,FM9322,CGO PVG
15:15,17:10,Shanghai Airlines,FM,9348,FM9348,CGO PVG
07:30,09:20,China Eastern Airlines,MU,8390,MU8390,CGO PVG
16:50,18:40,China Southern Airlines,CZ,59,CZ59,CGO PVG
18:55,21:00,China Southern Airlines,CZ,3597,CZ3597,CGO PVG
16:50,18:40,Juneyao Airlines,HO,1050,HO1050,CGO PVG
15:40,17:35,China Southern Airlines,CZ,3593,CZ3593,CGO PVG
12:20,14:25,China Eastern Airlines,MU,8406,MU8406,CGO PVG
15:15,17:10,China Eastern Airlines,MU,8506,MU8506,CGO PVG
22:00,23:45,Hainan Airlines,HU,4718,HU4718,CGO PVG
07:00,08:55,China Postal Airlines,CF,9010,CF9010,CGO PVG
22:00,23:45,Suparna Airlines,Y8,7520,Y87520,CGO PVG
16:50,18:40,Shenzhen Airlines,ZH,5028,ZH5028,CGO PVG
16:50,18:40,Finnair,AY,3170,AY3170,CGO PVG
08:15,10:25,American Airlines,AA,9102,AA9102,CGO PVG
16:50,18:40,Xiamen Airlines,MF,7727,MF7727,CGO PVG
16:00,18:00,Xiamen Airlines,MF,7745,MF7745,CGO PVG
16:00,18:00,China Eastern Airlines,MU,3635,MU3635,CGO PVG
22:20,#00:15,Suparna Airlines,Y8,7518,Y87518,CGO PVG
16:00,18:00,Shenzhen Airlines,ZH,5046,ZH5046,CGO PVG
16:00,18:00,Juneyao Airlines,HO,1090,HO1090,CGO PVG
16:00,18:00,Sichuan Airlines,3U,5426,3U5426,CGO PVG
16:00,18:00,China Southern Airlines,CZ,7293,CZ7293,CGO PVG
01:10,03:05,Cathay Pacific,CX,3251,CX3251,CGO PVG
16:00,18:00,Finnair,AY,3192,AY3192,CGO PVG
02:00,04:35,Air Hong Kong,LD,721,LD721,CTU HKG
05:30,07:50,Cathay Pacific,CX,3261,CX3261,CTU HKG
20:00,#01:30,China Eastern Airlines,MU,2669,MU2669,NKG SIN
17:05,22:25,Singapore Airlines,SQ,8349,SQ8349,NKG SIN
17:05,22:25,Scoot,TR,181,TR181,NKG SIN
01:00,06:55,Scoot,TR,116,TR116,SIN CGO
01:00,06:55,Singapore Airlines,SQ,8306,SQ8306,SIN CGO
